PRACTICE_CODE,year,month,Patient_count
F83002,2014,1,9808
F83002,2014,2,9808
F83002,2014,3,9808
F83002,2014,4,9463
F83002,2014,5,9463
F83002,2014,6,9463
F83002,2014,7,9561
F83002,2014,8,9561
F83002,2014,9,9561
F83002,2014,10,9657
F83002,2014,11,9657
F83002,2014,12,9657
F83002,2015,1,9879
F83002,2015,2,9879
F83002,2015,3,9879
F83002,2015,4,9969
F83002,2015,5,9969
F83002,2015,6,9969
F83002,2015,7,10194
F83002,2015,8,10194
F83002,2015,9,10194
F83002,2015,10,10347
F83002,2015,11,10347
F83002,2015,12,10347
F83002,2016,1,10413
F83002,2016,2,10413
F83002,2016,3,10413
F83002,2016,4,10348
F83002,2016,5,10348
F83002,2016,6,10348
F83002,2016,7,10420
F83002,2016,8,10420
F83002,2016,9,10420
F83002,2016,10,10422
F83002,2016,11,10422
F83002,2016,12,10422
F83002,2017,1,10277
F83002,2017,2,10277
F83002,2017,3,10277
F83002,2017,4,10254
F83002,2017,5,10259
F83002,2017,6,10261
F83002,2017,7,10254
F83002,2017,8,10257
F83002,2017,9,10236
F83002,2017,10,10204
F83002,2017,11,10224
F83002,2017,12,10236
F83002,2018,1,10158
F83002,2018,2,10119
F83002,2018,3,10024
F83002,2018,4,9967
F83002,2018,5,9955
F83002,2018,6,9971
F83002,2018,7,9995
F83002,2018,8,10020
F83002,2018,9,10019
F83002,2018,10,10022
F83002,2018,11,10006
F83002,2018,12,10044
F83002,2019,1,10044
F83002,2019,2,10050
F83002,2019,3,10087
F83002,2019,4,10078
F83002,2019,5,10062
F83002,2019,6,10075
F83002,2019,7,10056
F83002,2019,8,10048
F83002,2019,9,10049
F83002,2019,10,10059
F83002,2019,11,10066
F83002,2019,12,10070
F83002,2020,1,10045
F83002,2020,2,10054
F83002,2020,3,10056
F83002,2020,4,10035
F83002,2020,5,10004
F83002,2020,6,9988
F83002,2020,7,9993
F83002,2020,8,9980
F83002,2020,9,9992
F83002,2020,10,9997
F83002,2020,11,9981
F83002,2020,12,9939
F83002,2021,1,9921
F83002,2021,2,9889
F83002,2021,3,9944
F83002,2021,4,9988
F83002,2021,5,10063
F83002,2021,6,10098
F83002,2021,7,10197
F83002,2021,8,10235
F83002,2021,9,10249
F83002,2021,10,10287
F83002,2021,11,10357
F83002,2021,12,10382
F83002,2022,1,10401
F83002,2022,2,10466
F83002,2022,3,10517
F83002,2022,4,10599
F83002,2022,5,10647
F83002,2022,6,10679
F83002,2022,7,10745
F83002,2022,8,10742
F83002,2022,9,10785
F83002,2022,10,10825
F83002,2022,11,10874
F83002,2022,12,10878
F83002,2023,1,10870
F83002,2023,2,10871
F83002,2023,3,10887
F83002,2023,4,10841
F83002,2023,5,10802
F83002,2023,6,10795
F83002,2023,7,10770
F83002,2023,8,10748
F83002,2023,9,10786
F83002,2023,10,10788
F83002,2023,11,10861
F83002,2023,12,10864
F83004,2014,1,5499
F83004,2014,2,5499
F83004,2014,3,5499
F83004,2014,4,5416
F83004,2014,5,5416
F83004,2014,6,5416
F83004,2014,7,5442
F83004,2014,8,5442
F83004,2014,9,5442
F83004,2014,10,5392
F83004,2014,11,5392
F83004,2014,12,5392
F83004,2015,1,5377
F83004,2015,2,5377
F83004,2015,3,5377
F83004,2015,4,5287
F83004,2015,5,5287
F83004,2015,6,5287
F83004,2015,7,5254
F83004,2015,8,5254
F83004,2015,9,5254
F83004,2015,10,5238
F83004,2015,11,5238
F83004,2015,12,5238
F83004,2016,1,5220
F83004,2016,2,5220
F83004,2016,3,5220
F83004,2016,4,5206
F83004,2016,5,5206
F83004,2016,6,5206
F83004,2016,7,5150
F83004,2016,8,5150
F83004,2016,9,5150
F83004,2016,10,5185
F83004,2016,11,5185
F83004,2016,12,5185
F83004,2017,1,5289
F83004,2017,2,5289
F83004,2017,3,5289
F83004,2017,4,5436
F83004,2017,5,5479
F83004,2017,6,5521
F83004,2017,7,5541
F83004,2017,8,5579
F83004,2017,9,5614
F83004,2017,10,5662
F83004,2017,11,5748
F83004,2017,12,5795
F83004,2018,1,5809
F83004,2018,2,5859
F83004,2018,3,5928
F83004,2018,4,6001
F83004,2018,5,6063
F83004,2018,6,6114
F83004,2018,7,6113
F83004,2018,8,6174
F83004,2018,9,6194
F83004,2018,10,6218
F83004,2018,11,6222
F83004,2018,12,6267
F83004,2019,1,6279
F83004,2019,2,6311
F83004,2019,3,6350
F83004,2019,4,6421
F83004,2019,5,6460
F83004,2019,6,6524
F83004,2019,7,6580
F83004,2019,8,6689
F83004,2019,9,6825
F83004,2019,10,6933
F83004,2019,11,7087
F83004,2019,12,7389
F83004,2020,1,7780
F83004,2020,2,8146
F83004,2020,3,8430
F83004,2020,4,9207
F83004,2020,5,10066
F83004,2020,6,10764
F83004,2020,7,11467
F83004,2020,8,11666
F83004,2020,9,11927
F83004,2020,10,12152
F83004,2020,11,12787
F83004,2020,12,13148
F83004,2021,1,13701
F83004,2021,2,14089
F83004,2021,3,14646
F83004,2021,4,15064
F83004,2021,5,15374
F83004,2021,6,15805
F83004,2021,7,16439
F83004,2021,8,16952
F83004,2021,9,17256
F83004,2021,10,16978
F83004,2021,11,16954
F83004,2021,12,17186
F83004,2022,1,17504
F83004,2022,2,17816
F83004,2022,3,18057
F83004,2022,4,18266
F83004,2022,5,18485
F83004,2022,6,18823
F83004,2022,7,19293
F83004,2022,8,19709
F83004,2022,9,20043
F83004,2022,10,20495
F83004,2022,11,20915
F83004,2022,12,20833
F83004,2023,1,21743
F83004,2023,2,22515
F83004,2023,3,23092
F83004,2023,4,23328
F83004,2023,5,23477
F83004,2023,6,24167
F83004,2023,7,24639
F83004,2023,8,25023
F83004,2023,9,25331
F83004,2023,10,25521
F83004,2023,11,25683
F83004,2023,12,25895
F83007,2014,1,4667
F83007,2014,2,4667
F83007,2014,3,4667
F83007,2014,4,4609
F83007,2014,5,4609
F83007,2014,6,4609
F83007,2014,7,4637
F83007,2014,8,4637
F83007,2014,9,4637
F83007,2014,10,4644
F83007,2014,11,4644
F83007,2014,12,4644
F83007,2015,1,4665
F83007,2015,2,4665
F83007,2015,3,4665
F83007,2015,4,4643
F83007,2015,5,4643
F83007,2015,6,4643
F83007,2015,7,4731
F83007,2015,8,4731
F83007,2015,9,4731
F83007,2015,10,4735
F83007,2015,11,4735
F83007,2015,12,4735
F83007,2016,1,4713
F83007,2016,2,4713
F83007,2016,3,4713
F83007,2016,4,4696
F83007,2016,5,4696
F83007,2016,6,4696
F83007,2016,7,4683
F83007,2016,8,4683
F83007,2016,9,4683
F83007,2016,10,4596
F83007,2016,11,4596
F83007,2016,12,4596
F83007,2017,1,4490
F83007,2017,2,4490
F83007,2017,3,4490
F83007,2017,4,4414
F83007,2017,5,4399
F83007,2017,6,4379
F83007,2017,7,4362
F83007,2017,8,4371
F83007,2017,9,4380
F83007,2017,10,4371
F83007,2017,11,4385
F83007,2017,12,4393
F83007,2018,1,4386
F83007,2018,2,4378
F83007,2018,3,4360
F83007,2018,4,4349
F83007,2018,5,4253
F83007,2018,6,4192
F83007,2018,7,4101
F83007,2018,8,3952
F83007,2018,9,3858
F83007,2018,10,3822
F83007,2018,11,3735
F83007,2018,12,3664
F83007,2019,1,3635
F83007,2019,2,3599
F83007,2019,3,3571
F83007,2019,4,3540
F83007,2019,5,3525
F83007,2019,6,3510
F83007,2019,7,3483
F83007,2019,8,3461
F83007,2019,9,3461
F83007,2019,10,3440
F83007,2019,11,3424
F83007,2019,12,3429
F83007,2020,1,3428
F83007,2020,2,3427
F83007,2020,3,3420
F83007,2020,4,3410
F83007,2020,5,3420
F83007,2020,6,3419
F83007,2020,7,3423
F83007,2020,8,3429
F83007,2020,9,3424
F83007,2020,10,3435
F83007,2020,11,3439
F83007,2020,12,3438
F83007,2021,1,3430
F83007,2021,2,3423
F83007,2021,3,3423
F83007,2021,4,3447
F83007,2021,5,3455
F83007,2021,6,3467
F83007,2021,7,3484
F83007,2021,8,3495
F83007,2021,9,3501
F83007,2021,10,3499
F83007,2021,11,3490
F83007,2021,12,3484
F83007,2022,1,3495
F83007,2022,2,3487
F83007,2022,3,3488
F83007,2022,4,3491
F83007,2022,5,3484
F83007,2022,6,3473
F83007,2022,7,3464
F83007,2022,8,3471
F83007,2022,9,3478
F83007,2022,10,3488
F83007,2022,11,3499
F83007,2022,12,3519
F83007,2023,1,3520
F83007,2023,2,3533
F83007,2023,3,3529
F83007,2023,4,3513
F83007,2023,5,3528
F83007,2023,6,3517
F83007,2023,7,3510
F83007,2023,8,3512
F83007,2023,9,3507
F83007,2023,10,3485
F83007,2023,11,3464
F83007,2023,12,3449
F83008,2014,1,11956
F83008,2014,2,11956
F83008,2014,3,11956
F83008,2014,4,11750
F83008,2014,5,11750
F83008,2014,6,11750
F83008,2014,7,11985
F83008,2014,8,11985
F83008,2014,9,11985
F83008,2014,10,12157
F83008,2014,11,12157
F83008,2014,12,12157
F83008,2015,1,12319
F83008,2015,2,12319
F83008,2015,3,12319
F83008,2015,4,12434
F83008,2015,5,12434
F83008,2015,6,12434
F83008,2015,7,12602
F83008,2015,8,12602
F83008,2015,9,12602
F83008,2015,10,12791
F83008,2015,11,12791
F83008,2015,12,12791
F83008,2016,1,12901
F83008,2016,2,12901
F83008,2016,3,12901
F83008,2016,4,12984
F83008,2016,5,12984
F83008,2016,6,12984
F83008,2016,7,12932
F83008,2016,8,12932
F83008,2016,9,12932
F83008,2016,10,12796
F83008,2016,11,12796
F83008,2016,12,12796
F83008,2017,1,12822
F83008,2017,2,12822
F83008,2017,3,12822
F83008,2017,4,12724
F83008,2017,5,12514
F83008,2017,6,12513
F83008,2017,7,12518
F83008,2017,8,12500
F83008,2017,9,12507
F83008,2017,10,12526
F83008,2017,11,12542
F83008,2017,12,12510
F83008,2018,1,12502
F83008,2018,2,12431
F83008,2018,3,12402
F83008,2018,4,12389
F83008,2018,5,12382
F83008,2018,6,12331
F83008,2018,7,12324
F83008,2018,8,12361
F83008,2018,9,12392
F83008,2018,10,12378
F83008,2018,11,12382
F83008,2018,12,12382
F83008,2019,1,12371
F83008,2019,2,12366
F83008,2019,3,12345
F83008,2019,4,12344
F83008,2019,5,12326
F83008,2019,6,12289
F83008,2019,7,12273
F83008,2019,8,12247
F83008,2019,9,12247
F83008,2019,10,12195
F83008,2019,11,12188
F83008,2019,12,12211
F83008,2020,1,12233
F83008,2020,2,12250
F83008,2020,3,12231
F83008,2020,4,12235
F83008,2020,5,12230
F83008,2020,6,12227
F83008,2020,7,12225
F83008,2020,8,11791
F83008,2020,9,11592
F83008,2020,10,11575
F83008,2020,11,11587
F83008,2020,12,11570
F83008,2021,1,11567
F83008,2021,2,11613
F83008,2021,3,11684
F83008,2021,4,11720
F83008,2021,5,11772
F83008,2021,6,11812
F83008,2021,7,11951
F83008,2021,8,12024
F83008,2021,9,12055
F83008,2021,10,12215
F83008,2021,11,12300
F83008,2021,12,12371
F83008,2022,1,12420
F83008,2022,2,12450
F83008,2022,3,12471
F83008,2022,4,12486
F83008,2022,5,12477
F83008,2022,6,12498
F83008,2022,7,12457
F83008,2022,8,12437
F83008,2022,9,12409
F83008,2022,10,12379
F83008,2022,11,12455
F83008,2022,12,12475
F83008,2023,1,12453
F83008,2023,2,12424
F83008,2023,3,12384
F83008,2023,4,12321
F83008,2023,5,12301
F83008,2023,6,12235
F83008,2023,7,12223
F83008,2023,8,12218
F83008,2023,9,12243
F83008,2023,10,12257
F83008,2023,11,12291
F83008,2023,12,12336
F83010,2014,1,15285
F83010,2014,2,15285
F83010,2014,3,15285
F83010,2014,4,15013
F83010,2014,5,15013
F83010,2014,6,15013
F83010,2014,7,15513
F83010,2014,8,15513
F83010,2014,9,15513
F83010,2014,10,15686
F83010,2014,11,15686
F83010,2014,12,15686
F83010,2015,1,15903
F83010,2015,2,15903
F83010,2015,3,15903
F83010,2015,4,15995
F83010,2015,5,15995
F83010,2015,6,15995
F83010,2015,7,16203
F83010,2015,8,16203
F83010,2015,9,16203
F83010,2015,10,16596
F83010,2015,11,16596
F83010,2015,12,16596
F83010,2016,1,16903
F83010,2016,2,16903
F83010,2016,3,16903
F83010,2016,4,17159
F83010,2016,5,17159
F83010,2016,6,17159
F83010,2016,7,17273
F83010,2016,8,17273
F83010,2016,9,17273
F83010,2016,10,17517
F83010,2016,11,17517
F83010,2016,12,17517
F83010,2017,1,17694
F83010,2017,2,17694
F83010,2017,3,17694
F83010,2017,4,18038
F83010,2017,5,18016
F83010,2017,6,18091
F83010,2017,7,18167
F83010,2017,8,18244
F83010,2017,9,18366
F83010,2017,10,18385
F83010,2017,11,18425
F83010,2017,12,18428
F83010,2018,1,18474
F83010,2018,2,18423
F83010,2018,3,18449
F83010,2018,4,18452
F83010,2018,5,18538
F83010,2018,6,18603
F83010,2018,7,18647
F83010,2018,8,18728
F83010,2018,9,18834
F83010,2018,10,18856
F83010,2018,11,18830
F83010,2018,12,18811
F83010,2019,1,18804
F83010,2019,2,18776
F83010,2019,3,18771
F83010,2019,4,18946
F83010,2019,5,18931
F83010,2019,6,18986
F83010,2019,7,19035
F83010,2019,8,19070
F83010,2019,9,19175
F83010,2019,10,19235
F83010,2019,11,19264
F83010,2019,12,19317
F83010,2020,1,19389
F83010,2020,2,19448
F83010,2020,3,19515
F83010,2020,4,19604
F83010,2020,5,19583
F83010,2020,6,19574
F83010,2020,7,19676
F83010,2020,8,19784
F83010,2020,9,19852
F83010,2020,10,19916
F83010,2020,11,19942
F83010,2020,12,19991
F83010,2021,1,20079
F83010,2021,2,20043
F83010,2021,3,20101
F83010,2021,4,20284
F83010,2021,5,20362
F83010,2021,6,20362
F83010,2021,7,20534
F83010,2021,8,20492
F83010,2021,9,20527
F83010,2021,10,20581
F83010,2021,11,20621
F83010,2021,12,20580
F83010,2022,1,20625
F83010,2022,2,20520
F83010,2022,3,20574
F83010,2022,4,20574
F83010,2022,5,20563
F83010,2022,6,20543
F83010,2022,7,20567
F83010,2022,8,20569
F83010,2022,9,20578
F83010,2022,10,20551
F83010,2022,11,20530
F83010,2022,12,20507
F83010,2023,1,20497
F83010,2023,2,20441
F83010,2023,3,20430
F83010,2023,4,20629
F83010,2023,5,20686
F83010,2023,6,20714
F83010,2023,7,20717
F83010,2023,8,20746
F83010,2023,9,20760
F83010,2023,10,20783
F83010,2023,11,20817
F83010,2023,12,20883
F83012,2014,1,6937
F83012,2014,2,6937
F83012,2014,3,6937
F83012,2014,4,6900
F83012,2014,5,6900
F83012,2014,6,6900
F83012,2014,7,7026
F83012,2014,8,7026
F83012,2014,9,7026
F83012,2014,10,6980
F83012,2014,11,6980
F83012,2014,12,6980
F83012,2015,1,7041
F83012,2015,2,7041
F83012,2015,3,7041
F83012,2015,4,7047
F83012,2015,5,7047
F83012,2015,6,7047
F83012,2015,7,7247
F83012,2015,8,7247
F83012,2015,9,7247
F83012,2015,10,7275
F83012,2015,11,7275
F83012,2015,12,7275
F83012,2016,1,7267
F83012,2016,2,7267
F83012,2016,3,7267
F83012,2016,4,7342
F83012,2016,5,7342
F83012,2016,6,7342
F83012,2016,7,7364
F83012,2016,8,7364
F83012,2016,9,7364
F83012,2016,10,7343
F83012,2016,11,7343
F83012,2016,12,7343
F83012,2017,1,7327
F83012,2017,2,7327
F83012,2017,3,7327
F83012,2017,4,7300
F83012,2017,5,7289
F83012,2017,6,7288
F83012,2017,7,7286
F83012,2017,8,7261
F83012,2017,9,7252
F83012,2017,10,7227
F83012,2017,11,7227
F83012,2017,12,7217
F83012,2018,1,7204
F83012,2018,2,7223
F83012,2018,3,7225
F83012,2018,4,7246
F83012,2018,5,7245
F83012,2018,6,7251
F83012,2018,7,7257
F83012,2018,8,7280
F83012,2018,9,7286
F83012,2018,10,7319
F83012,2018,11,7361
F83012,2018,12,7387
F83012,2019,1,7379
F83012,2019,2,7400
F83012,2019,3,7409
F83012,2019,4,7407
F83012,2019,5,7444
F83012,2019,6,7480
F83012,2019,7,7529
F83012,2019,8,7556
F83012,2019,9,7570
F83012,2019,10,7592
F83012,2019,11,7614
F83012,2019,12,7648
F83012,2020,1,7644
F83012,2020,2,7656
F83012,2020,3,7669
F83012,2020,4,7673
F83012,2020,5,7641
F83012,2020,6,7652
F83012,2020,7,7627
F83012,2020,8,7610
F83012,2020,9,7589
F83012,2020,10,7593
F83012,2020,11,7579
F83012,2020,12,7547
F83012,2021,1,7540
F83012,2021,2,7500
F83012,2021,3,7492
F83012,2021,4,7466
F83012,2021,5,7477
F83012,2021,6,7471
F83012,2021,7,7475
F83012,2021,8,7481
F83012,2021,9,7448
F83012,2021,10,7425
F83012,2021,11,7414
F83012,2021,12,7392
F83012,2022,1,7376
F83012,2022,2,7395
F83012,2022,3,7455
F83012,2022,4,7554
F83012,2022,5,7589
F83012,2022,6,7604
F83012,2022,7,7581
F83012,2022,8,7575
F83012,2022,9,7576
F83012,2022,10,7535
F83012,2022,11,7488
F83012,2022,12,7472
F83012,2023,1,7464
F83012,2023,2,7421
F83012,2023,3,7413
F83012,2023,4,7405
F83012,2023,5,7404
F83012,2023,6,7382
F83012,2023,7,7417
F83012,2023,8,7457
F83012,2023,9,7499
F83012,2023,10,7503
F83012,2023,11,7524
F83012,2023,12,7521
F83015,2014,1,11948
F83015,2014,2,11948
F83015,2014,3,11948
F83015,2014,4,11921
F83015,2014,5,11921
F83015,2014,6,11921
F83015,2014,7,12060
F83015,2014,8,12060
F83015,2014,9,12060
F83015,2014,10,12139
F83015,2014,11,12139
F83015,2014,12,12139
F83015,2015,1,12266
F83015,2015,2,12266
F83015,2015,3,12266
F83015,2015,4,12267
F83015,2015,5,12267
F83015,2015,6,12267
F83015,2015,7,12311
F83015,2015,8,12311
F83015,2015,9,12311
F83015,2015,10,12438
F83015,2015,11,12438
F83015,2015,12,12438
F83015,2016,1,12502
F83015,2016,2,12502
F83015,2016,3,12502
F83015,2016,4,12638
F83015,2016,5,12638
F83015,2016,6,12638
F83015,2016,7,12784
F83015,2016,8,12784
F83015,2016,9,12784
F83015,2016,10,12882
F83015,2016,11,12882
F83015,2016,12,12882
F83015,2017,1,12945
F83015,2017,2,12945
F83015,2017,3,12945
F83015,2017,4,12848
F83015,2017,5,12952
F83015,2017,6,12995
F83015,2017,7,13009
F83015,2017,8,13026
F83015,2017,9,13040
F83015,2017,10,13031
F83015,2017,11,13038
F83015,2017,12,13003
F83015,2018,1,13003
F83015,2018,2,13051
F83015,2018,3,13065
F83015,2018,4,13049
F83015,2018,5,13036
F83015,2018,6,13052
F83015,2018,7,13052
F83015,2018,8,13056
F83015,2018,9,13064
F83015,2018,10,13024
F83015,2018,11,12963
F83015,2018,12,12964
F83015,2019,1,12952
F83015,2019,2,12894
F83015,2019,3,12865
F83015,2019,4,12842
F83015,2019,5,12815
F83015,2019,6,12795
F83015,2019,7,12806
F83015,2019,8,12740
F83015,2019,9,12709
F83015,2019,10,12680
F83015,2019,11,12683
F83015,2019,12,12690
F83015,2020,1,12699
F83015,2020,2,12689
F83015,2020,3,12640
F83015,2020,4,12628
F83015,2020,5,12594
F83015,2020,6,12552
F83015,2020,7,12548
F83015,2020,8,12532
F83015,2020,9,12511
F83015,2020,10,12483
F83015,2020,11,12453
F83015,2020,12,12407
F83015,2021,1,12368
F83015,2021,2,12310
F83015,2021,3,12265
F83015,2021,4,12257
F83015,2021,5,12267
F83015,2021,6,12271
F83015,2021,7,12250
F83015,2021,8,12226
F83015,2021,9,12193
F83015,2021,10,12144
F83015,2021,11,12144
F83015,2021,12,12144
F83015,2022,1,12143
F83015,2022,2,12107
F83015,2022,3,12082
F83015,2022,4,12057
F83015,2022,5,12036
F83015,2022,6,12073
F83015,2022,7,12099
F83015,2022,8,12130
F83015,2022,9,12143
F83015,2022,10,12199
F83015,2022,11,12245
F83015,2022,12,12289
F83015,2023,1,12320
F83015,2023,2,12400
F83015,2023,3,12401
F83015,2023,4,12404
F83015,2023,5,12427
F83015,2023,6,12483
F83015,2023,7,12501
F83015,2023,8,12544
F83015,2023,9,12571
F83015,2023,10,12619
F83015,2023,11,12656
F83015,2023,12,12708
F83021,2014,1,12974
F83021,2014,2,12974
F83021,2014,3,12974
F83021,2014,4,12388
F83021,2014,5,12388
F83021,2014,6,12388
F83021,2014,7,12528
F83021,2014,8,12528
F83021,2014,9,12528
F83021,2014,10,12546
F83021,2014,11,12546
F83021,2014,12,12546
F83021,2015,1,12598
F83021,2015,2,12598
F83021,2015,3,12598
F83021,2015,4,12584
F83021,2015,5,12584
F83021,2015,6,12584
F83021,2015,7,12898
F83021,2015,8,12898
F83021,2015,9,12898
F83021,2015,10,13123
F83021,2015,11,13123
F83021,2015,12,13123
F83021,2016,1,13305
F83021,2016,2,13305
F83021,2016,3,13305
F83021,2016,4,13405
F83021,2016,5,13405
F83021,2016,6,13405
F83021,2016,7,13560
F83021,2016,8,13560
F83021,2016,9,13560
F83021,2016,10,13837
F83021,2016,11,13837
F83021,2016,12,13837
F83021,2017,1,14185
F83021,2017,2,14185
F83021,2017,3,14185
F83021,2017,4,14563
F83021,2017,5,14633
F83021,2017,6,14777
F83021,2017,7,14925
F83021,2017,8,14994
F83021,2017,9,15052
F83021,2017,10,15155
F83021,2017,11,15283
F83021,2017,12,15427
F83021,2018,1,15505
F83021,2018,2,15591
F83021,2018,3,15671
F83021,2018,4,15824
F83021,2018,5,15974
F83021,2018,6,16164
F83021,2018,7,16362
F83021,2018,8,16468
F83021,2018,9,16606
F83021,2018,10,16767
F83021,2018,11,16926
F83021,2018,12,17098
F83021,2019,1,17214
F83021,2019,2,17342
F83021,2019,3,17452
F83021,2019,4,17589
F83021,2019,5,17684
F83021,2019,6,17852
F83021,2019,7,17945
F83021,2019,8,18049
F83021,2019,9,18123
F83021,2019,10,18134
F83021,2019,11,18241
F83021,2019,12,18271
F83021,2020,1,18269
F83021,2020,2,18381
F83021,2020,3,18453
F83021,2020,4,18483
F83021,2020,5,18483
F83021,2020,6,18469
F83021,2020,7,18483
F83021,2020,8,18449
F83021,2020,9,18445
F83021,2020,10,18434
F83021,2020,11,18386
F83021,2020,12,18376
F83021,2021,1,18344
F83021,2021,2,18311
F83021,2021,3,18321
F83021,2021,4,18380
F83021,2021,5,18456
F83021,2021,6,18418
F83021,2021,7,18360
F83021,2021,8,18304
F83021,2021,9,18231
F83021,2021,10,18200
F83021,2021,11,18198
F83021,2021,12,18183
F83021,2022,1,18207
F83021,2022,2,18262
F83021,2022,3,18213
F83021,2022,4,18165
F83021,2022,5,18102
F83021,2022,6,18037
F83021,2022,7,17962
F83021,2022,8,17927
F83021,2022,9,17878
F83021,2022,10,17830
F83021,2022,11,17792
F83021,2022,12,17751
F83021,2023,1,17711
F83021,2023,2,17663
F83021,2023,3,17644
F83021,2023,4,17603
F83021,2023,5,17567
F83021,2023,6,17550
F83021,2023,7,17490
F83021,2023,8,17464
F83021,2023,9,17404
F83021,2023,10,17355
F83021,2023,11,17376
F83021,2023,12,17334
F83027,2014,1,3986
F83027,2014,2,3986
F83027,2014,3,3986
F83027,2014,4,4041
F83027,2014,5,4041
F83027,2014,6,4041
F83027,2014,7,4137
F83027,2014,8,4137
F83027,2014,9,4137
F83027,2014,10,4259
F83027,2014,11,4259
F83027,2014,12,4259
F83027,2015,1,4392
F83027,2015,2,4392
F83027,2015,3,4392
F83027,2015,4,4441
F83027,2015,5,4441
F83027,2015,6,4441
F83027,2015,7,4577
F83027,2015,8,4577
F83027,2015,9,4577
F83027,2015,10,4752
F83027,2015,11,4752
F83027,2015,12,4752
F83027,2016,1,4875
F83027,2016,2,4875
F83027,2016,3,4875
F83027,2016,4,4948
F83027,2016,5,4948
F83027,2016,6,4948
F83027,2016,7,4996
F83027,2016,8,4996
F83027,2016,9,4996
F83027,2016,10,5066
F83027,2016,11,5066
F83027,2016,12,5066
F83027,2017,1,5247
F83027,2017,2,5247
F83027,2017,3,5247
F83027,2017,4,5280
F83027,2017,5,5325
F83027,2017,6,5332
F83027,2017,7,5345
F83027,2017,8,5333
F83027,2017,9,5358
F83027,2017,10,5372
F83027,2017,11,5383
F83027,2017,12,5410
F83027,2018,1,5415
F83027,2018,2,5409
F83027,2018,3,5409
F83027,2018,4,5417
F83027,2018,5,5407
F83027,2018,6,5381
F83027,2018,7,5421
F83027,2018,8,5414
F83027,2018,9,5419
F83027,2018,10,5417
F83027,2018,11,5381
F83027,2018,12,5392
F83027,2019,1,5422
F83027,2019,2,5413
F83027,2019,3,5432
F83027,2019,4,5419
F83027,2019,5,5398
F83027,2019,6,5413
F83027,2019,7,5399
F83027,2019,8,5369
F83027,2019,9,5352
F83027,2019,10,5336
F83027,2019,11,5329
F83027,2019,12,5317
F83027,2020,1,5312
F83027,2020,2,5305
F83027,2020,3,5299
F83027,2020,4,5321
F83027,2020,5,5319
F83027,2020,6,5308
F83027,2020,7,5301
F83027,2020,8,5310
F83027,2020,9,5292
F83027,2020,10,5285
F83027,2020,11,5255
F83027,2020,12,5243
F83027,2021,1,5263
F83027,2021,2,5234
F83027,2021,3,5220
F83027,2021,4,5212
F83027,2021,5,5179
F83027,2021,6,5175
F83027,2021,7,5150
F83027,2021,8,5132
F83027,2021,9,5093
F83027,2021,10,5124
F83027,2021,11,5113
F83027,2021,12,5089
F83027,2022,1,5137
F83027,2022,2,5121
F83027,2022,3,5121
F83027,2022,4,5121
F83027,2022,5,5121
F83027,2022,6,5121
F83027,2022,7,5121
F83027,2022,8,5121
F83027,2022,9,5121
F83027,2022,10,5121
F83027,2022,11,5121
F83027,2022,12,5121
F83027,2023,1,5121
F83027,2023,2,5121
F83027,2023,3,5121
F83027,2023,4,5121
F83027,2023,5,5121
F83027,2023,6,5121
F83027,2023,7,5121
F83027,2023,8,5121
F83027,2023,9,5121
F83027,2023,10,5121
F83027,2023,11,5121
F83027,2023,12,5121
F83032,2014,1,9915
F83032,2014,2,9915
F83032,2014,3,9915
F83032,2014,4,9713
F83032,2014,5,9713
F83032,2014,6,9713
F83032,2014,7,9931
F83032,2014,8,9931
F83032,2014,9,9931
F83032,2014,10,10123
F83032,2014,11,10123
F83032,2014,12,10123
F83032,2015,1,10205
F83032,2015,2,10205
F83032,2015,3,10205
F83032,2015,4,10045
F83032,2015,5,10045
F83032,2015,6,10045
F83032,2015,7,10101
F83032,2015,8,10101
F83032,2015,9,10101
F83032,2015,10,10321
F83032,2015,11,10321
F83032,2015,12,10321
F83032,2016,1,10572
F83032,2016,2,10572
F83032,2016,3,10572
F83032,2016,4,10695
F83032,2016,5,10695
F83032,2016,6,10695
F83032,2016,7,10891
F83032,2016,8,10891
F83032,2016,9,10891
F83032,2016,10,11143
F83032,2016,11,11143
F83032,2016,12,11143
F83032,2017,1,11479
F83032,2017,2,11479
F83032,2017,3,11479
F83032,2017,4,11643
F83032,2017,5,11756
F83032,2017,6,11883
F83032,2017,7,11956
F83032,2017,8,12064
F83032,2017,9,12152
F83032,2017,10,12263
F83032,2017,11,12283
F83032,2017,12,12290
F83032,2018,1,12279
F83032,2018,2,12299
F83032,2018,3,12284
F83032,2018,4,12218
F83032,2018,5,12177
F83032,2018,6,12141
F83032,2018,7,12090
F83032,2018,8,12065
F83032,2018,9,12042
F83032,2018,10,12030
F83032,2018,11,11989
F83032,2018,12,11998
F83032,2019,1,11990
F83032,2019,2,12032
F83032,2019,3,12007
F83032,2019,4,12021
F83032,2019,5,12029
F83032,2019,6,12033
F83032,2019,7,12032
F83032,2019,8,12023
F83032,2019,9,12062
F83032,2019,10,12062
F83032,2019,11,12052
F83032,2019,12,12094
F83032,2020,1,12086
F83032,2020,2,12085
F83032,2020,3,12102
F83032,2020,4,12091
F83032,2020,5,12045
F83032,2020,6,12041
F83032,2020,7,12026
F83032,2020,8,12037
F83032,2020,9,12033
F83032,2020,10,11974
F83032,2020,11,11939
F83032,2020,12,11931
F83032,2021,1,11928
F83032,2021,2,11924
F83032,2021,3,11940
F83032,2021,4,12014
F83032,2021,5,12067
F83032,2021,6,12111
F83032,2021,7,12156
F83032,2021,8,12153
F83032,2021,9,12111
F83032,2021,10,12099
F83032,2021,11,12080
F83032,2021,12,12093
F83032,2022,1,12083
F83032,2022,2,12038
F83032,2022,3,12041
F83032,2022,4,12001
F83032,2022,5,11958
F83032,2022,6,11963
F83032,2022,7,11927
F83032,2022,8,11902
F83032,2022,9,11863
F83032,2022,10,11824
F83032,2022,11,11834
F83032,2022,12,11820
F83032,2023,1,11816
F83032,2023,2,11837
F83032,2023,3,11839
F83032,2023,4,11819
F83032,2023,5,11818
F83032,2023,6,11780
F83032,2023,7,11762
F83032,2023,8,11750
F83032,2023,9,11704
F83032,2023,10,11666
F83032,2023,11,11649
F83032,2023,12,11640
F83033,2014,1,2461
F83033,2014,2,2461
F83033,2014,3,2461
F83033,2014,4,2450
F83033,2014,5,2450
F83033,2014,6,2450
F83033,2014,7,2457
F83033,2014,8,2457
F83033,2014,9,2457
F83033,2014,10,2467
F83033,2014,11,2467
F83033,2014,12,2467
F83033,2015,1,2428
F83033,2015,2,2428
F83033,2015,3,2428
F83033,2015,4,2437
F83033,2015,5,2437
F83033,2015,6,2437
F83033,2015,7,2774
F83033,2015,8,2774
F83033,2015,9,2774
F83033,2015,10,2996
F83033,2015,11,2996
F83033,2015,12,2996
F83033,2016,1,3038
F83033,2016,2,3038
F83033,2016,3,3038
F83033,2016,4,3028
F83033,2016,5,3028
F83033,2016,6,3028
F83033,2016,7,3036
F83033,2016,8,3036
F83033,2016,9,3036
F83033,2016,10,3050
F83033,2016,11,3050
F83033,2016,12,3050
F83033,2017,1,3100
F83033,2017,2,3100
F83033,2017,3,3100
F83033,2017,4,3090
F83033,2017,5,3084
F83033,2017,6,3083
F83033,2017,7,3076
F83033,2017,8,3090
F83033,2017,9,3087
F83033,2017,10,3083
F83033,2017,11,3069
F83033,2017,12,3064
F83033,2018,1,3074
F83033,2018,2,3067
F83033,2018,3,3056
F83033,2018,4,3040
F83033,2018,5,3039
F83033,2018,6,3047
F83033,2018,7,3045
F83033,2018,8,3039
F83033,2018,9,3036
F83033,2018,10,3041
F83033,2018,11,3060
F83033,2018,12,3053
F83033,2019,1,3067
F83033,2019,2,3083
F83033,2019,3,3082
F83033,2019,4,3103
F83033,2019,5,3101
F83033,2019,6,3108
F83033,2019,7,3121
F83033,2019,8,3130
F83033,2019,9,3142
F83033,2019,10,3173
F83033,2019,11,3200
F83033,2019,12,3191
F83033,2020,1,3195
F83033,2020,2,3213
F83033,2020,3,3247
F83033,2020,4,3242
F83033,2020,5,3235
F83033,2020,6,3240
F83033,2020,7,3267
F83033,2020,8,3283
F83033,2020,9,3316
F83033,2020,10,3351
F83033,2020,11,3377
F83033,2020,12,3394
F83033,2021,1,3414
F83033,2021,2,3415
F83033,2021,3,3440
F83033,2021,4,3485
F83033,2021,5,3497
F83033,2021,6,3535
F83033,2021,7,3592
F83033,2021,8,3638
F83033,2021,9,3642
F83033,2021,10,3646
F83033,2021,11,3707
F83033,2021,12,3819
F83033,2022,1,3837
F83033,2022,2,3888
F83033,2022,3,3897
F83033,2022,4,3884
F83033,2022,5,3911
F83033,2022,6,3948
F83033,2022,7,3948
F83033,2022,8,3950
F83033,2022,9,3968
F83033,2022,10,4032
F83033,2022,11,4132
F83033,2022,12,4202
F83033,2023,1,4234
F83033,2023,2,4283
F83033,2023,3,4307
F83033,2023,4,4329
F83033,2023,5,4355
F83033,2023,6,4385
F83033,2023,7,4465
F83033,2023,8,4515
F83033,2023,9,4569
F83033,2023,10,4705
F83033,2023,11,4840
F83033,2023,12,4887
F83034,2014,1,1851
F83034,2014,2,1851
F83034,2014,3,1851
F83034,2014,4,1821
F83034,2014,5,1821
F83034,2014,6,1821
F83034,2014,7,1818
F83034,2014,8,1818
F83034,2014,9,1818
F83034,2014,10,1822
F83034,2014,11,1822
F83034,2014,12,1822
F83034,2015,1,1820
F83034,2015,2,1820
F83034,2015,3,1820
F83034,2015,4,1833
F83034,2015,5,1833
F83034,2015,6,1833
F83034,2015,7,1858
F83034,2015,8,1858
F83034,2015,9,1858
F83034,2015,10,1841
F83034,2015,11,1841
F83034,2015,12,1841
F83034,2016,1,1827
F83034,2016,2,1827
F83034,2016,3,1827
F83034,2016,4,1815
F83034,2016,5,1815
F83034,2016,6,1815
F83034,2016,7,1815
F83034,2016,8,1815
F83034,2016,9,1815
F83034,2016,10,1798
F83034,2016,11,1798
F83034,2016,12,1798
F83034,2017,1,1791
F83034,2017,2,1791
F83034,2017,3,1791
F83034,2017,4,1782
F83034,2017,5,1777
F83034,2017,6,1779
F83034,2017,7,1776
F83034,2017,8,1762
F83034,2017,9,1745
F83034,2017,10,1731
F83034,2017,11,1753
F83034,2017,12,1744
F83034,2018,1,1734
F83034,2018,2,1731
F83034,2018,3,1736
F83034,2018,4,1747
F83034,2018,5,1734
F83034,2018,6,1733
F83034,2018,7,1746
F83034,2018,8,1743
F83034,2018,9,1738
F83034,2018,10,1728
F83034,2018,11,1710
F83034,2018,12,1701
F83034,2019,1,1688
F83034,2019,2,1678
F83034,2019,3,1668
F83034,2019,4,1668
F83034,2019,5,1668
F83034,2019,6,1674
F83034,2019,7,1674
F83034,2019,8,1670
F83034,2019,9,1674
F83034,2019,10,1667
F83034,2019,11,1661
F83034,2019,12,1661
F83034,2020,1,1666
F83034,2020,2,1659
F83034,2020,3,1652
F83034,2020,4,1650
F83034,2020,5,1651
F83034,2020,6,1643
F83034,2020,7,1635
F83034,2020,8,1627
F83034,2020,9,1632
F83034,2020,10,1624
F83034,2020,11,1620
F83034,2020,12,1624
F83034,2021,1,1615
F83034,2021,2,1622
F83034,2021,3,1614
F83034,2021,4,1605
F83034,2021,5,1605
F83034,2021,6,1602
F83034,2021,7,1599
F83034,2021,8,1595
F83034,2021,9,1593
F83034,2021,10,1580
F83034,2021,11,1580
F83034,2021,12,1584
F83034,2022,1,1590
F83034,2022,2,1602
F83034,2022,3,1599
F83034,2022,4,1588
F83034,2022,5,1583
F83034,2022,6,1576
F83034,2022,7,1567
F83034,2022,8,1556
F83034,2022,9,1550
F83034,2022,10,1546
F83034,2022,11,1546
F83034,2022,12,1542
F83034,2023,1,1531
F83034,2023,2,1537
F83034,2023,3,1539
F83034,2023,4,1540
F83034,2023,5,1553
F83034,2023,6,1547
F83034,2023,7,1532
F83034,2023,8,1526
F83034,2023,9,1517
F83034,2023,10,1507
F83034,2023,11,1491
F83034,2023,12,1481
F83039,2014,1,5384
F83039,2014,2,5384
F83039,2014,3,5384
F83039,2014,4,5330
F83039,2014,5,5330
F83039,2014,6,5330
F83039,2014,7,5315
F83039,2014,8,5315
F83039,2014,9,5315
F83039,2014,10,5348
F83039,2014,11,5348
F83039,2014,12,5348
F83039,2015,1,5335
F83039,2015,2,5335
F83039,2015,3,5335
F83039,2015,4,5272
F83039,2015,5,5272
F83039,2015,6,5272
F83039,2015,7,5310
F83039,2015,8,5310
F83039,2015,9,5310
F83039,2015,10,5332
F83039,2015,11,5332
F83039,2015,12,5332
F83039,2016,1,5350
F83039,2016,2,5350
F83039,2016,3,5350
F83039,2016,4,5370
F83039,2016,5,5370
F83039,2016,6,5370
F83039,2016,7,5385
F83039,2016,8,5385
F83039,2016,9,5385
F83039,2016,10,5400
F83039,2016,11,5400
F83039,2016,12,5400
F83039,2017,1,5462
F83039,2017,2,5462
F83039,2017,3,5462
F83039,2017,4,5494
F83039,2017,5,5510
F83039,2017,6,5503
F83039,2017,7,5508
F83039,2017,8,5506
F83039,2017,9,5494
F83039,2017,10,5497
F83039,2017,11,5494
F83039,2017,12,5468
F83039,2018,1,5456
F83039,2018,2,5453
F83039,2018,3,5440
F83039,2018,4,5444
F83039,2018,5,5440
F83039,2018,6,5412
F83039,2018,7,5405
F83039,2018,8,5393
F83039,2018,9,5392
F83039,2018,10,5348
F83039,2018,11,5313
F83039,2018,12,5289
F83039,2019,1,5278
F83039,2019,2,5249
F83039,2019,3,5256
F83039,2019,4,5240
F83039,2019,5,5208
F83039,2019,6,5197
F83039,2019,7,5194
F83039,2019,8,5183
F83039,2019,9,5186
F83039,2019,10,5169
F83039,2019,11,5158
F83039,2019,12,5140
F83039,2020,1,5137
F83039,2020,2,5114
F83039,2020,3,5101
F83039,2020,4,5110
F83039,2020,5,5089
F83039,2020,6,5077
F83039,2020,7,5069
F83039,2020,8,5051
F83039,2020,9,5041
F83039,2020,10,5029
F83039,2020,11,4994
F83039,2020,12,4980
F83039,2021,1,4961
F83039,2021,2,4930
F83039,2021,3,4908
F83039,2021,4,4882
F83039,2021,5,4840
F83039,2021,6,4825
F83039,2021,7,4810
F83039,2021,8,4806
F83039,2021,9,4802
F83039,2021,10,4788
F83039,2021,11,4771
F83039,2021,12,4761
F83039,2022,1,4768
F83039,2022,2,4806
F83039,2022,3,4828
F83039,2022,4,4835
F83039,2022,5,4848
F83039,2022,6,4844
F83039,2022,7,4863
F83039,2022,8,4863
F83039,2022,9,4878
F83039,2022,10,4900
F83039,2022,11,4900
F83039,2022,12,4905
F83039,2023,1,4913
F83039,2023,2,4922
F83039,2023,3,4953
F83039,2023,4,4948
F83039,2023,5,4958
F83039,2023,6,4965
F83039,2023,7,4977
F83039,2023,8,4969
F83039,2023,9,4958
F83039,2023,10,4948
F83039,2023,11,4941
F83039,2023,12,4940
F83045,2014,1,10225
F83045,2014,2,10225
F83045,2014,3,10225
F83045,2014,4,10069
F83045,2014,5,10069
F83045,2014,6,10069
F83045,2014,7,10252
F83045,2014,8,10252
F83045,2014,9,10252
F83045,2014,10,10348
F83045,2014,11,10348
F83045,2014,12,10348
F83045,2015,1,10442
F83045,2015,2,10442
F83045,2015,3,10442
F83045,2015,4,10463
F83045,2015,5,10463
F83045,2015,6,10463
F83045,2015,7,10596
F83045,2015,8,10596
F83045,2015,9,10596
F83045,2015,10,10705
F83045,2015,11,10705
F83045,2015,12,10705
F83045,2016,1,10835
F83045,2016,2,10835
F83045,2016,3,10835
F83045,2016,4,10884
F83045,2016,5,10884
F83045,2016,6,10884
F83045,2016,7,10991
F83045,2016,8,10991
F83045,2016,9,10991
F83045,2016,10,11099
F83045,2016,11,11099
F83045,2016,12,11099
F83045,2017,1,11193
F83045,2017,2,11193
F83045,2017,3,11193
F83045,2017,4,11112
F83045,2017,5,11002
F83045,2017,6,10919
F83045,2017,7,10824
F83045,2017,8,10732
F83045,2017,9,10573
F83045,2017,10,10469
F83045,2017,11,10344
F83045,2017,12,10232
F83045,2018,1,10117
F83045,2018,2,10046
F83045,2018,3,10186
F83045,2018,4,10229
F83045,2018,5,10286
F83045,2018,6,10303
F83045,2018,7,10363
F83045,2018,8,10436
F83045,2018,9,10512
F83045,2018,10,10588
F83045,2018,11,10662
F83045,2018,12,10694
F83045,2019,1,10677
F83045,2019,2,10667
F83045,2019,3,10674
F83045,2019,4,10685
F83045,2019,5,10687
F83045,2019,6,10649
F83045,2019,7,10623
F83045,2019,8,10618
F83045,2019,9,10641
F83045,2019,10,10645
F83045,2019,11,10683
F83045,2019,12,10638
F83045,2020,1,10654
F83045,2020,2,10657
F83045,2020,3,10667
F83045,2020,4,10643
F83045,2020,5,10599
F83045,2020,6,10586
F83045,2020,7,10601
F83045,2020,8,10570
F83045,2020,9,10499
F83045,2020,10,10467
F83045,2020,11,10418
F83045,2020,12,10392
F83045,2021,1,10326
F83045,2021,2,10305
F83045,2021,3,10243
F83045,2021,4,10233
F83045,2021,5,10194
F83045,2021,6,10191
F83045,2021,7,10210
F83045,2021,8,10164
F83045,2021,9,10160
F83045,2021,10,10123
F83045,2021,11,10130
F83045,2021,12,10077
F83045,2022,1,10056
F83045,2022,2,10017
F83045,2022,3,9959
F83045,2022,4,9932
F83045,2022,5,9901
F83045,2022,6,9854
F83045,2022,7,9841
F83045,2022,8,9819
F83045,2022,9,9807
F83045,2022,10,9779
F83045,2022,11,9747
F83045,2022,12,9738
F83045,2023,1,9713
F83045,2023,2,9670
F83045,2023,3,9650
F83045,2023,4,9619
F83045,2023,5,9595
F83045,2023,6,9568
F83045,2023,7,9561
F83045,2023,8,9528
F83045,2023,9,9510
F83045,2023,10,9474
F83045,2023,11,9419
F83045,2023,12,9388
F83053,2014,1,6183
F83053,2014,2,6183
F83053,2014,3,6183
F83053,2014,4,6197
F83053,2014,5,6197
F83053,2014,6,6197
F83053,2014,7,6264
F83053,2014,8,6264
F83053,2014,9,6264
F83053,2014,10,6287
F83053,2014,11,6287
F83053,2014,12,6287
F83053,2015,1,6350
F83053,2015,2,6350
F83053,2015,3,6350
F83053,2015,4,6350
F83053,2015,5,6350
F83053,2015,6,6350
F83053,2015,7,6395
F83053,2015,8,6395
F83053,2015,9,6395
F83053,2015,10,6474
F83053,2015,11,6474
F83053,2015,12,6474
F83053,2016,1,6445
F83053,2016,2,6445
F83053,2016,3,6445
F83053,2016,4,6426
F83053,2016,5,6426
F83053,2016,6,6426
F83053,2016,7,6403
F83053,2016,8,6403
F83053,2016,9,6403
F83053,2016,10,6397
F83053,2016,11,6397
F83053,2016,12,6397
F83053,2017,1,6424
F83053,2017,2,6424
F83053,2017,3,6424
F83053,2017,4,6387
F83053,2017,5,6378
F83053,2017,6,6358
F83053,2017,7,6356
F83053,2017,8,6352
F83053,2017,9,6336
F83053,2017,10,6387
F83053,2017,11,6412
F83053,2017,12,6421
F83053,2018,1,6432
F83053,2018,2,6409
F83053,2018,3,6397
F83053,2018,4,6388
F83053,2018,5,6406
F83053,2018,6,6381
F83053,2018,7,6370
F83053,2018,8,6342
F83053,2018,9,6343
F83053,2018,10,6306
F83053,2018,11,6265
F83053,2018,12,6259
F83053,2019,1,6246
F83053,2019,2,6210
F83053,2019,3,6185
F83053,2019,4,6173
F83053,2019,5,6178
F83053,2019,6,6173
F83053,2019,7,6153
F83053,2019,8,6161
F83053,2019,9,6160
F83053,2019,10,6161
F83053,2019,11,6224
F83053,2019,12,6246
F83053,2020,1,6252
F83053,2020,2,6264
F83053,2020,3,6282
F83053,2020,4,6287
F83053,2020,5,6288
F83053,2020,6,6270
F83053,2020,7,6286
F83053,2020,8,6279
F83053,2020,9,6285
F83053,2020,10,6283
F83053,2020,11,6311
F83053,2020,12,6308
F83053,2021,1,6296
F83053,2021,2,6256
F83053,2021,3,6267
F83053,2021,4,6287
F83053,2021,5,6306
F83053,2021,6,6339
F83053,2021,7,6372
F83053,2021,8,6399
F83053,2021,9,6431
F83053,2021,10,6462
F83053,2021,11,6503
F83053,2021,12,6541
F83053,2022,1,6621
F83053,2022,2,6672
F83053,2022,3,6785
F83053,2022,4,6840
F83053,2022,5,6886
F83053,2022,6,6906
F83053,2022,7,6943
F83053,2022,8,6969
F83053,2022,9,7010
F83053,2022,10,7064
F83053,2022,11,7094
F83053,2022,12,7118
F83053,2023,1,7140
F83053,2023,2,7133
F83053,2023,3,7154
F83053,2023,4,7197
F83053,2023,5,7225
F83053,2023,6,7283
F83053,2023,7,7319
F83053,2023,8,7357
F83053,2023,9,7377
F83053,2023,10,7394
F83053,2023,11,7477
F83053,2023,12,7519
F83056,2014,1,5570
F83056,2014,2,5570
F83056,2014,3,5570
F83056,2014,4,5402
F83056,2014,5,5402
F83056,2014,6,5402
F83056,2014,7,5423
F83056,2014,8,5423
F83056,2014,9,5423
F83056,2014,10,5449
F83056,2014,11,5449
F83056,2014,12,5449
F83056,2015,1,5446
F83056,2015,2,5446
F83056,2015,3,5446
F83056,2015,4,5285
F83056,2015,5,5285
F83056,2015,6,5285
F83056,2015,7,4625
F83056,2015,8,4625
F83056,2015,9,4625
F83056,2015,10,4532
F83056,2015,11,4532
F83056,2015,12,4532
F83056,2016,1,4589
F83056,2016,2,4589
F83056,2016,3,4589
F83056,2016,4,4592
F83056,2016,5,4592
F83056,2016,6,4592
F83056,2016,7,4540
F83056,2016,8,4540
F83056,2016,9,4540
F83056,2016,10,4573
F83056,2016,11,4573
F83056,2016,12,4573
F83056,2017,1,4618
F83056,2017,2,4618
F83056,2017,3,4618
F83056,2017,4,4669
F83056,2017,5,4702
F83056,2017,6,4716
F83056,2017,7,4746
F83056,2017,8,4755
F83056,2017,9,4745
F83056,2017,10,4754
F83056,2017,11,4781
F83056,2017,12,4799
F83056,2018,1,4786
F83056,2018,2,4776
F83056,2018,3,4756
F83056,2018,4,4755
F83056,2018,5,4756
F83056,2018,6,4743
F83056,2018,7,4757
F83056,2018,8,4762
F83056,2018,9,4824
F83056,2018,10,4864
F83056,2018,11,4951
F83056,2018,12,5006
F83056,2019,1,5054
F83056,2019,2,5121
F83056,2019,3,5164
F83056,2019,4,5236
F83056,2019,5,5272
F83056,2019,6,5346
F83056,2019,7,5415
F83056,2019,8,5485
F83056,2019,9,5557
F83056,2019,10,5633
F83056,2019,11,5700
F83056,2019,12,5768
F83056,2020,1,5808
F83056,2020,2,5873
F83056,2020,3,5939
F83056,2020,4,5987
F83056,2020,5,5992
F83056,2020,6,6025
F83056,2020,7,6050
F83056,2020,8,6080
F83056,2020,9,6140
F83056,2020,10,6255
F83056,2020,11,6368
F83056,2020,12,6459
F83056,2021,1,6552
F83056,2021,2,6668
F83056,2021,3,6800
F83056,2021,4,6995
F83056,2021,5,7149
F83056,2021,6,7262
F83056,2021,7,7389
F83056,2021,8,7504
F83056,2021,9,7565
F83056,2021,10,7746
F83056,2021,11,7802
F83056,2021,12,7792
F83056,2022,1,7982
F83056,2022,2,8165
F83056,2022,3,8241
F83056,2022,4,8406
F83056,2022,5,8503
F83056,2022,6,8526
F83056,2022,7,8553
F83056,2022,8,8583
F83056,2022,9,8611
F83056,2022,10,8712
F83056,2022,11,8778
F83056,2022,12,8930
F83056,2023,1,9001
F83056,2023,2,9149
F83056,2023,3,9309
F83056,2023,4,9492
F83056,2023,5,9624
F83056,2023,6,9681
F83056,2023,7,9577
F83056,2023,8,9644
F83056,2023,9,9812
F83056,2023,10,9893
F83056,2023,11,10012
F83056,2023,12,10009
F83060,2014,1,7737
F83060,2014,2,7737
F83060,2014,3,7737
F83060,2014,4,7572
F83060,2014,5,7572
F83060,2014,6,7572
F83060,2014,7,7606
F83060,2014,8,7606
F83060,2014,9,7606
F83060,2014,10,7784
F83060,2014,11,7784
F83060,2014,12,7784
F83060,2015,1,7874
F83060,2015,2,7874
F83060,2015,3,7874
F83060,2015,4,7992
F83060,2015,5,7992
F83060,2015,6,7992
F83060,2015,7,8032
F83060,2015,8,8032
F83060,2015,9,8032
F83060,2015,10,8177
F83060,2015,11,8177
F83060,2015,12,8177
F83060,2016,1,8274
F83060,2016,2,8274
F83060,2016,3,8274
F83060,2016,4,8339
F83060,2016,5,8339
F83060,2016,6,8339
F83060,2016,7,8405
F83060,2016,8,8405
F83060,2016,9,8405
F83060,2016,10,8441
F83060,2016,11,8441
F83060,2016,12,8441
F83060,2017,1,8464
F83060,2017,2,8464
F83060,2017,3,8464
F83060,2017,4,8408
F83060,2017,5,8412
F83060,2017,6,8415
F83060,2017,7,8435
F83060,2017,8,8446
F83060,2017,9,8456
F83060,2017,10,8507
F83060,2017,11,8549
F83060,2017,12,8575
F83060,2018,1,8602
F83060,2018,2,8628
F83060,2018,3,8655
F83060,2018,4,8682
F83060,2018,5,8723
F83060,2018,6,8717
F83060,2018,7,8729
F83060,2018,8,8794
F83060,2018,9,8882
F83060,2018,10,8869
F83060,2018,11,8903
F83060,2018,12,8914
F83060,2019,1,8930
F83060,2019,2,8961
F83060,2019,3,8974
F83060,2019,4,8965
F83060,2019,5,8961
F83060,2019,6,8967
F83060,2019,7,8984
F83060,2019,8,8978
F83060,2019,9,8996
F83060,2019,10,9036
F83060,2019,11,9040
F83060,2019,12,9041
F83060,2020,1,9059
F83060,2020,2,9078
F83060,2020,3,9129
F83060,2020,4,9137
F83060,2020,5,9125
F83060,2020,6,9117
F83060,2020,7,9096
F83060,2020,8,9103
F83060,2020,9,9112
F83060,2020,10,9152
F83060,2020,11,9147
F83060,2020,12,9135
F83060,2021,1,9129
F83060,2021,2,9098
F83060,2021,3,9066
F83060,2021,4,9060
F83060,2021,5,9075
F83060,2021,6,9082
F83060,2021,7,9112
F83060,2021,8,9134
F83060,2021,9,9118
F83060,2021,10,9135
F83060,2021,11,9171
F83060,2021,12,9148
F83060,2022,1,9152
F83060,2022,2,9166
F83060,2022,3,9151
F83060,2022,4,9157
F83060,2022,5,9160
F83060,2022,6,9184
F83060,2022,7,9179
F83060,2022,8,9122
F83060,2022,9,9133
F83060,2022,10,9125
F83060,2022,11,9076
F83060,2022,12,9058
F83060,2023,1,9002
F83060,2023,2,8839
F83060,2023,3,8712
F83060,2023,4,8641
F83060,2023,5,8596
F83060,2023,6,8589
F83060,2023,7,8581
F83060,2023,8,8565
F83060,2023,9,8321
F83060,2023,10,8245
F83060,2023,11,8169
F83060,2023,12,8104
F83063,2014,1,10025
F83063,2014,2,10025
F83063,2014,3,10025
F83063,2014,4,10086
F83063,2014,5,10086
F83063,2014,6,10086
F83063,2014,7,10339
F83063,2014,8,10339
F83063,2014,9,10339
F83063,2014,10,10607
F83063,2014,11,10607
F83063,2014,12,10607
F83063,2015,1,10837
F83063,2015,2,10837
F83063,2015,3,10837
F83063,2015,4,10799
F83063,2015,5,10799
F83063,2015,6,10799
F83063,2015,7,11044
F83063,2015,8,11044
F83063,2015,9,11044
F83063,2015,10,11294
F83063,2015,11,11294
F83063,2015,12,11294
F83063,2016,1,11427
F83063,2016,2,11427
F83063,2016,3,11427
F83063,2016,4,11517
F83063,2016,5,11517
F83063,2016,6,11517
F83063,2016,7,11662
F83063,2016,8,11662
F83063,2016,9,11662
F83063,2016,10,11702
F83063,2016,11,11702
F83063,2016,12,11702
F83063,2017,1,11570
F83063,2017,2,11570
F83063,2017,3,11570
F83063,2017,4,11683
F83063,2017,5,11702
F83063,2017,6,11771
F83063,2017,7,11762
F83063,2017,8,11765
F83063,2017,9,11760
F83063,2017,10,11810
F83063,2017,11,12000
F83063,2017,12,12019
F83063,2018,1,12001
F83063,2018,2,11985
F83063,2018,3,11884
F83063,2018,4,11926
F83063,2018,5,11921
F83063,2018,6,11932
F83063,2018,7,11946
F83063,2018,8,11959
F83063,2018,9,11942
F83063,2018,10,12005
F83063,2018,11,12059
F83063,2018,12,12071
F83063,2019,1,12074
F83063,2019,2,12067
F83063,2019,3,11969
F83063,2019,4,11990
F83063,2019,5,12009
F83063,2019,6,12029
F83063,2019,7,12028
F83063,2019,8,12041
F83063,2019,9,12057
F83063,2019,10,12086
F83063,2019,11,12172
F83063,2019,12,12230
F83063,2020,1,12248
F83063,2020,2,12267
F83063,2020,3,12282
F83063,2020,4,12315
F83063,2020,5,12302
F83063,2020,6,12295
F83063,2020,7,12281
F83063,2020,8,12283
F83063,2020,9,12277
F83063,2020,10,12240
F83063,2020,11,12258
F83063,2020,12,12215
F83063,2021,1,12207
F83063,2021,2,12145
F83063,2021,3,12114
F83063,2021,4,12111
F83063,2021,5,12115
F83063,2021,6,12050
F83063,2021,7,12077
F83063,2021,8,12120
F83063,2021,9,12114
F83063,2021,10,12212
F83063,2021,11,12267
F83063,2021,12,12333
F83063,2022,1,12446
F83063,2022,2,12465
F83063,2022,3,12476
F83063,2022,4,12513
F83063,2022,5,12492
F83063,2022,6,12495
F83063,2022,7,12518
F83063,2022,8,12492
F83063,2022,9,12552
F83063,2022,10,12566
F83063,2022,11,12573
F83063,2022,12,12594
F83063,2023,1,12678
F83063,2023,2,12703
F83063,2023,3,12680
F83063,2023,4,12618
F83063,2023,5,12597
F83063,2023,6,12572
F83063,2023,7,12500
F83063,2023,8,12448
F83063,2023,9,12402
F83063,2023,10,12348
F83063,2023,11,12520
F83063,2023,12,12589
F83064,2014,1,6848
F83064,2014,2,6848
F83064,2014,3,6848
F83064,2014,4,6568
F83064,2014,5,6568
F83064,2014,6,6568
F83064,2014,7,6655
F83064,2014,8,6655
F83064,2014,9,6655
F83064,2014,10,6693
F83064,2014,11,6693
F83064,2014,12,6693
F83064,2015,1,6711
F83064,2015,2,6711
F83064,2015,3,6711
F83064,2015,4,6531
F83064,2015,5,6531
F83064,2015,6,6531
F83064,2015,7,6446
F83064,2015,8,6446
F83064,2015,9,6446
F83064,2015,10,6550
F83064,2015,11,6550
F83064,2015,12,6550
F83064,2016,1,6533
F83064,2016,2,6533
F83064,2016,3,6533
F83064,2016,4,6666
F83064,2016,5,6666
F83064,2016,6,6666
F83064,2016,7,6729
F83064,2016,8,6729
F83064,2016,9,6729
F83064,2016,10,6844
F83064,2016,11,6844
F83064,2016,12,6844
F83064,2017,1,6829
F83064,2017,2,6829
F83064,2017,3,6829
F83064,2017,4,6882
F83064,2017,5,6850
F83064,2017,6,6914
F83064,2017,7,6942
F83064,2017,8,6978
F83064,2017,9,6993
F83064,2017,10,7063
F83064,2017,11,7101
F83064,2017,12,7141
F83064,2018,1,7154
F83064,2018,2,7215
F83064,2018,3,7212
F83064,2018,4,7220
F83064,2018,5,7129
F83064,2018,6,7149
F83064,2018,7,7174
F83064,2018,8,7190
F83064,2018,9,7220
F83064,2018,10,7344
F83064,2018,11,7459
F83064,2018,12,7538
F83064,2019,1,7572
F83064,2019,2,7607
F83064,2019,3,7537
F83064,2019,4,7379
F83064,2019,5,7422
F83064,2019,6,7476
F83064,2019,7,7520
F83064,2019,8,7594
F83064,2019,9,7630
F83064,2019,10,7704
F83064,2019,11,7688
F83064,2019,12,7708
F83064,2020,1,7765
F83064,2020,2,7847
F83064,2020,3,7916
F83064,2020,4,7969
F83064,2020,5,7969
F83064,2020,6,7970
F83064,2020,7,7988
F83064,2020,8,8002
F83064,2020,9,8003
F83064,2020,10,7995
F83064,2020,11,8027
F83064,2020,12,8011
F83064,2021,1,7928
F83064,2021,2,7933
F83064,2021,3,7976
F83064,2021,4,8067
F83064,2021,5,8201
F83064,2021,6,8351
F83064,2021,7,8540
F83064,2021,8,8670
F83064,2021,9,8733
F83064,2021,10,8868
F83064,2021,11,9052
F83064,2021,12,9132
F83064,2022,1,9240
F83064,2022,2,9343
F83064,2022,3,9416
F83064,2022,4,9438
F83064,2022,5,9472
F83064,2022,6,9487
F83064,2022,7,9507
F83064,2022,8,9504
F83064,2022,9,9517
F83064,2022,10,9527
F83064,2022,11,9536
F83064,2022,12,9522
F83064,2023,1,9542
F83064,2023,2,9528
F83064,2023,3,9513
F83064,2023,4,9457
F83064,2023,5,9353
F83064,2023,6,9352
F83064,2023,7,9334
F83064,2023,8,9308
F83064,2023,9,9295
F83064,2023,10,9203
F83064,2023,11,9172
F83064,2023,12,9152
F83624,2014,1,9507
F83624,2014,2,9507
F83624,2014,3,9507
F83624,2014,4,9356
F83624,2014,5,9356
F83624,2014,6,9356
F83624,2014,7,9339
F83624,2014,8,9339
F83624,2014,9,9339
F83624,2014,10,9538
F83624,2014,11,9538
F83624,2014,12,9538
F83624,2015,1,9783
F83624,2015,2,9783
F83624,2015,3,9783
F83624,2015,4,9349
F83624,2015,5,9349
F83624,2015,6,9349
F83624,2015,7,9435
F83624,2015,8,9435
F83624,2015,9,9435
F83624,2015,10,9906
F83624,2015,11,9906
F83624,2015,12,9906
F83624,2016,1,10592
F83624,2016,2,10592
F83624,2016,3,10592
F83624,2016,4,10753
F83624,2016,5,10753
F83624,2016,6,10753
F83624,2016,7,10672
F83624,2016,8,10672
F83624,2016,9,10672
F83624,2016,10,11331
F83624,2016,11,11331
F83624,2016,12,11331
F83624,2017,1,11863
F83624,2017,2,11863
F83624,2017,3,11863
F83624,2017,4,11415
F83624,2017,5,11439
F83624,2017,6,11440
F83624,2017,7,11465
F83624,2017,8,11422
F83624,2017,9,11435
F83624,2017,10,11782
F83624,2017,11,12391
F83624,2017,12,12565
F83624,2018,1,12588
F83624,2018,2,12689
F83624,2018,3,12718
F83624,2018,4,12716
F83624,2018,5,12446
F83624,2018,6,12428
F83624,2018,7,12454
F83624,2018,8,12414
F83624,2018,9,12430
F83624,2018,10,12805
F83624,2018,11,13178
F83624,2018,12,13378
F83624,2019,1,13407
F83624,2019,2,13469
F83624,2019,3,13531
F83624,2019,4,13584
F83624,2019,5,13518
F83624,2019,6,13533
F83624,2019,7,13480
F83624,2019,8,13457
F83624,2019,9,13368
F83624,2019,10,13827
F83624,2019,11,14153
F83624,2019,12,14174
F83624,2020,1,14148
F83624,2020,2,14150
F83624,2020,3,14123
F83624,2020,4,14121
F83624,2020,5,14091
F83624,2020,6,14082
F83624,2020,7,14045
F83624,2020,8,14048
F83624,2020,9,14063
F83624,2020,10,14254
F83624,2020,11,14514
F83624,2020,12,14658
F83624,2021,1,14731
F83624,2021,2,14750
F83624,2021,3,14825
F83624,2021,4,15029
F83624,2021,5,15177
F83624,2021,6,15322
F83624,2021,7,15619
F83624,2021,8,15694
F83624,2021,9,15748
F83624,2021,10,15918
F83624,2021,11,16244
F83624,2021,12,16485
F83624,2022,1,16493
F83624,2022,2,16481
F83624,2022,3,16675
F83624,2022,4,16657
F83624,2022,5,16614
F83624,2022,6,16610
F83624,2022,7,16554
F83624,2022,8,15982
F83624,2022,9,15698
F83624,2022,10,15739
F83624,2022,11,15987
F83624,2022,12,16093
F83624,2023,1,16160
F83624,2023,2,16204
F83624,2023,3,16282
F83624,2023,4,16342
F83624,2023,5,16335
F83624,2023,6,16349
F83624,2023,7,16399
F83624,2023,8,16502
F83624,2023,9,16549
F83624,2023,10,16675
F83624,2023,11,16793
F83624,2023,12,16883
F83652,2014,1,8463
F83652,2014,2,8463
F83652,2014,3,8463
F83652,2014,4,8671
F83652,2014,5,8671
F83652,2014,6,8671
F83652,2014,7,8903
F83652,2014,8,8903
F83652,2014,9,8903
F83652,2014,10,9172
F83652,2014,11,9172
F83652,2014,12,9172
F83652,2015,1,9572
F83652,2015,2,9572
F83652,2015,3,9572
F83652,2015,4,9597
F83652,2015,5,9597
F83652,2015,6,9597
F83652,2015,7,9619
F83652,2015,8,9619
F83652,2015,9,9619
F83652,2015,10,9818
F83652,2015,11,9818
F83652,2015,12,9818
F83652,2016,1,9940
F83652,2016,2,9940
F83652,2016,3,9940
F83652,2016,4,10022
F83652,2016,5,10022
F83652,2016,6,10022
F83652,2016,7,10092
F83652,2016,8,10092
F83652,2016,9,10092
F83652,2016,10,10170
F83652,2016,11,10170
F83652,2016,12,10170
F83652,2017,1,10493
F83652,2017,2,10493
F83652,2017,3,10493
F83652,2017,4,10543
F83652,2017,5,10525
F83652,2017,6,10576
F83652,2017,7,10555
F83652,2017,8,10545
F83652,2017,9,10526
F83652,2017,10,10823
F83652,2017,11,10985
F83652,2017,12,10972
F83652,2018,1,10974
F83652,2018,2,10980
F83652,2018,3,10965
F83652,2018,4,10953
F83652,2018,5,10933
F83652,2018,6,10881
F83652,2018,7,10823
F83652,2018,8,10813
F83652,2018,9,10802
F83652,2018,10,11099
F83652,2018,11,11200
F83652,2018,12,11172
F83652,2019,1,11130
F83652,2019,2,11115
F83652,2019,3,11112
F83652,2019,4,11075
F83652,2019,5,11039
F83652,2019,6,11024
F83652,2019,7,11003
F83652,2019,8,10947
F83652,2019,9,10946
F83652,2019,10,11053
F83652,2019,11,11328
F83652,2019,12,11323
F83652,2020,1,11200
F83652,2020,2,11037
F83652,2020,3,10702
F83652,2020,4,10637
F83652,2020,5,10586
F83652,2020,6,10354
F83652,2020,7,10331
F83652,2020,8,10280
F83652,2020,9,10237
F83652,2020,10,10166
F83652,2020,11,10208
F83652,2020,12,10183
F83652,2021,1,10178
F83652,2021,2,10145
F83652,2021,3,10135
F83652,2021,4,10199
F83652,2021,5,10209
F83652,2021,6,10258
F83652,2021,7,10292
F83652,2021,8,10271
F83652,2021,9,10271
F83652,2021,10,10397
F83652,2021,11,10515
F83652,2021,12,10509
F83652,2022,1,10570
F83652,2022,2,10699
F83652,2022,3,10731
F83652,2022,4,10748
F83652,2022,5,10721
F83652,2022,6,10692
F83652,2022,7,10721
F83652,2022,8,10708
F83652,2022,9,10698
F83652,2022,10,10774
F83652,2022,11,10901
F83652,2022,12,10869
F83652,2023,1,10888
F83652,2023,2,10879
F83652,2023,3,10842
F83652,2023,4,10826
F83652,2023,5,10838
F83652,2023,6,10839
F83652,2023,7,10852
F83652,2023,8,10872
F83652,2023,9,10959
F83652,2023,10,11282
F83652,2023,11,11687
F83652,2023,12,11771
F83660,2014,1,8776
F83660,2014,2,8776
F83660,2014,3,8776
F83660,2014,4,8564
F83660,2014,5,8564
F83660,2014,6,8564
F83660,2014,7,8757
F83660,2014,8,8757
F83660,2014,9,8757
F83660,2014,10,8780
F83660,2014,11,8780
F83660,2014,12,8780
F83660,2015,1,8680
F83660,2015,2,8680
F83660,2015,3,8680
F83660,2015,4,8719
F83660,2015,5,8719
F83660,2015,6,8719
F83660,2015,7,8736
F83660,2015,8,8736
F83660,2015,9,8736
F83660,2015,10,8766
F83660,2015,11,8766
F83660,2015,12,8766
F83660,2016,1,8806
F83660,2016,2,8806
F83660,2016,3,8806
F83660,2016,4,8811
F83660,2016,5,8811
F83660,2016,6,8811
F83660,2016,7,8781
F83660,2016,8,8781
F83660,2016,9,8781
F83660,2016,10,8797
F83660,2016,11,8797
F83660,2016,12,8797
F83660,2017,1,8755
F83660,2017,2,8755
F83660,2017,3,8755
F83660,2017,4,8826
F83660,2017,5,8875
F83660,2017,6,8908
F83660,2017,7,8960
F83660,2017,8,8963
F83660,2017,9,8977
F83660,2017,10,9016
F83660,2017,11,9016
F83660,2017,12,9026
F83660,2018,1,9068
F83660,2018,2,9077
F83660,2018,3,9060
F83660,2018,4,9044
F83660,2018,5,9044
F83660,2018,6,9015
F83660,2018,7,9038
F83660,2018,8,9068
F83660,2018,9,9113
F83660,2018,10,9067
F83660,2018,11,9045
F83660,2018,12,9067
F83660,2019,1,9086
F83660,2019,2,9079
F83660,2019,3,9036
F83660,2019,4,9023
F83660,2019,5,9044
F83660,2019,6,9086
F83660,2019,7,9134
F83660,2019,8,9167
F83660,2019,9,9211
F83660,2019,10,9237
F83660,2019,11,9278
F83660,2019,12,9304
F83660,2020,1,9297
F83660,2020,2,9293
F83660,2020,3,9293
F83660,2020,4,9310
F83660,2020,5,9296
F83660,2020,6,9316
F83660,2020,7,9326
F83660,2020,8,9359
F83660,2020,9,9338
F83660,2020,10,9353
F83660,2020,11,9339
F83660,2020,12,9366
F83660,2021,1,9367
F83660,2021,2,9356
F83660,2021,3,9357
F83660,2021,4,9392
F83660,2021,5,9382
F83660,2021,6,9385
F83660,2021,7,9369
F83660,2021,8,9392
F83660,2021,9,9405
F83660,2021,10,9388
F83660,2021,11,9369
F83660,2021,12,9366
F83660,2022,1,9367
F83660,2022,2,9365
F83660,2022,3,9363
F83660,2022,4,9359
F83660,2022,5,9345
F83660,2022,6,9356
F83660,2022,7,9322
F83660,2022,8,9319
F83660,2022,9,9280
F83660,2022,10,9265
F83660,2022,11,9244
F83660,2022,12,9188
F83660,2023,1,9174
F83660,2023,2,9162
F83660,2023,3,9129
F83660,2023,4,9098
F83660,2023,5,9079
F83660,2023,6,9115
F83660,2023,7,9086
F83660,2023,8,9118
F83660,2023,9,9138
F83660,2023,10,9160
F83660,2023,11,9176
F83660,2023,12,9157
F83664,2014,1,6183
F83664,2014,2,6183
F83664,2014,3,6183
F83664,2014,4,6137
F83664,2014,5,6137
F83664,2014,6,6137
F83664,2014,7,6154
F83664,2014,8,6154
F83664,2014,9,6154
F83664,2014,10,6160
F83664,2014,11,6160
F83664,2014,12,6160
F83664,2015,1,6319
F83664,2015,2,6319
F83664,2015,3,6319
F83664,2015,4,6406
F83664,2015,5,6406
F83664,2015,6,6406
F83664,2015,7,6551
F83664,2015,8,6551
F83664,2015,9,6551
F83664,2015,10,6710
F83664,2015,11,6710
F83664,2015,12,6710
F83664,2016,1,6980
F83664,2016,2,6980
F83664,2016,3,6980
F83664,2016,4,7261
F83664,2016,5,7261
F83664,2016,6,7261
F83664,2016,7,7490
F83664,2016,8,7490
F83664,2016,9,7490
F83664,2016,10,7691
F83664,2016,11,7691
F83664,2016,12,7691
F83664,2017,1,7972
F83664,2017,2,7972
F83664,2017,3,7972
F83664,2017,4,8143
F83664,2017,5,8222
F83664,2017,6,8313
F83664,2017,7,8344
F83664,2017,8,8363
F83664,2017,9,8451
F83664,2017,10,8549
F83664,2017,11,8594
F83664,2017,12,8657
F83664,2018,1,8686
F83664,2018,2,8763
F83664,2018,3,8801
F83664,2018,4,8822
F83664,2018,5,8815
F83664,2018,6,8826
F83664,2018,7,8832
F83664,2018,8,8835
F83664,2018,9,8854
F83664,2018,10,8903
F83664,2018,11,8947
F83664,2018,12,8968
F83664,2019,1,8962
F83664,2019,2,8962
F83664,2019,3,8943
F83664,2019,4,8946
F83664,2019,5,8965
F83664,2019,6,8922
F83664,2019,7,8933
F83664,2019,8,8950
F83664,2019,9,8891
F83664,2019,10,8907
F83664,2019,11,8947
F83664,2019,12,8971
F83664,2020,1,8991
F83664,2020,2,9044
F83664,2020,3,9059
F83664,2020,4,9084
F83664,2020,5,9116
F83664,2020,6,9152
F83664,2020,7,9185
F83664,2020,8,9221
F83664,2020,9,9261
F83664,2020,10,9258
F83664,2020,11,9302
F83664,2020,12,9356
F83664,2021,1,9432
F83664,2021,2,9479
F83664,2021,3,9546
F83664,2021,4,9612
F83664,2021,5,9719
F83664,2021,6,9813
F83664,2021,7,10010
F83664,2021,8,10084
F83664,2021,9,10079
F83664,2021,10,10115
F83664,2021,11,10240
F83664,2021,12,10308
F83664,2022,1,10363
F83664,2022,2,10441
F83664,2022,3,10480
F83664,2022,4,10524
F83664,2022,5,10533
F83664,2022,6,10541
F83664,2022,7,10580
F83664,2022,8,10581
F83664,2022,9,10574
F83664,2022,10,10612
F83664,2022,11,10759
F83664,2022,12,10840
F83664,2023,1,10866
F83664,2023,2,10921
F83664,2023,3,10998
F83664,2023,4,11073
F83664,2023,5,11102
F83664,2023,6,11120
F83664,2023,7,11110
F83664,2023,8,11141
F83664,2023,9,11181
F83664,2023,10,10714
F83664,2023,11,10800
F83664,2023,12,10906
F83666,2014,1,5445
F83666,2014,2,5445
F83666,2014,3,5445
F83666,2014,4,5409
F83666,2014,5,5409
F83666,2014,6,5409
F83666,2014,7,5543
F83666,2014,8,5543
F83666,2014,9,5543
F83666,2014,10,5588
F83666,2014,11,5588
F83666,2014,12,5588
F83666,2015,1,5595
F83666,2015,2,5595
F83666,2015,3,5595
F83666,2015,4,5524
F83666,2015,5,5524
F83666,2015,6,5524
F83666,2015,7,5529
F83666,2015,8,5529
F83666,2015,9,5529
F83666,2015,10,5572
F83666,2015,11,5572
F83666,2015,12,5572
F83666,2016,1,5575
F83666,2016,2,5575
F83666,2016,3,5575
F83666,2016,4,5595
F83666,2016,5,5595
F83666,2016,6,5595
F83666,2016,7,5638
F83666,2016,8,5638
F83666,2016,9,5638
F83666,2016,10,5721
F83666,2016,11,5721
F83666,2016,12,5721
F83666,2017,1,5928
F83666,2017,2,5928
F83666,2017,3,5928
F83666,2017,4,6033
F83666,2017,5,6040
F83666,2017,6,6096
F83666,2017,7,6128
F83666,2017,8,6155
F83666,2017,9,6170
F83666,2017,10,6182
F83666,2017,11,6210
F83666,2017,12,6218
F83666,2018,1,6241
F83666,2018,2,6248
F83666,2018,3,6265
F83666,2018,4,6266
F83666,2018,5,6299
F83666,2018,6,6306
F83666,2018,7,6391
F83666,2018,8,6429
F83666,2018,9,6429
F83666,2018,10,6465
F83666,2018,11,6471
F83666,2018,12,6465
F83666,2019,1,6450
F83666,2019,2,6462
F83666,2019,3,6501
F83666,2019,4,6505
F83666,2019,5,6454
F83666,2019,6,6466
F83666,2019,7,6449
F83666,2019,8,6477
F83666,2019,9,6484
F83666,2019,10,6528
F83666,2019,11,6536
F83666,2019,12,6554
F83666,2020,1,6568
F83666,2020,2,6566
F83666,2020,3,6593
F83666,2020,4,6574
F83666,2020,5,6540
F83666,2020,6,6479
F83666,2020,7,6453
F83666,2020,8,6410
F83666,2020,9,6334
F83666,2020,10,6299
F83666,2020,11,6254
F83666,2020,12,6232
F83666,2021,1,6224
F83666,2021,2,6153
F83666,2021,3,6135
F83666,2021,4,6115
F83666,2021,5,5951
F83666,2021,6,5922
F83666,2021,7,5927
F83666,2021,8,5963
F83666,2021,9,5951
F83666,2021,10,5931
F83666,2021,11,5950
F83666,2021,12,5968
F83666,2022,1,6024
F83666,2022,2,6024
F83666,2022,3,6034
F83666,2022,4,6060
F83666,2022,5,6056
F83666,2022,6,6105
F83666,2022,7,6122
F83666,2022,8,6131
F83666,2022,9,6165
F83666,2022,10,6212
F83666,2022,11,6255
F83666,2022,12,6267
F83666,2023,1,6290
F83666,2023,2,6272
F83666,2023,3,6291
F83666,2023,4,6320
F83666,2023,5,6343
F83666,2023,6,6380
F83666,2023,7,6400
F83666,2023,8,6446
F83666,2023,9,6486
F83666,2023,10,6561
F83666,2023,11,6602
F83666,2023,12,6633
F83671,2014,1,2679
F83671,2014,2,2679
F83671,2014,3,2679
F83671,2014,4,2664
F83671,2014,5,2664
F83671,2014,6,2664
F83671,2014,7,2667
F83671,2014,8,2667
F83671,2014,9,2667
F83671,2014,10,2689
F83671,2014,11,2689
F83671,2014,12,2689
F83671,2015,1,2714
F83671,2015,2,2714
F83671,2015,3,2714
F83671,2015,4,2689
F83671,2015,5,2689
F83671,2015,6,2689
F83671,2015,7,2687
F83671,2015,8,2687
F83671,2015,9,2687
F83671,2015,10,2694
F83671,2015,11,2694
F83671,2015,12,2694
F83671,2016,1,2741
F83671,2016,2,2741
F83671,2016,3,2741
F83671,2016,4,2772
F83671,2016,5,2772
F83671,2016,6,2772
F83671,2016,7,2777
F83671,2016,8,2777
F83671,2016,9,2777
F83671,2016,10,2786
F83671,2016,11,2786
F83671,2016,12,2786
F83671,2017,1,2810
F83671,2017,2,2810
F83671,2017,3,2810
F83671,2017,4,2825
F83671,2017,5,2834
F83671,2017,6,2856
F83671,2017,7,2875
F83671,2017,8,2875
F83671,2017,9,2917
F83671,2017,10,2913
F83671,2017,11,2914
F83671,2017,12,2948
F83671,2018,1,2944
F83671,2018,2,2941
F83671,2018,3,2952
F83671,2018,4,2954
F83671,2018,5,2967
F83671,2018,6,2955
F83671,2018,7,2962
F83671,2018,8,2956
F83671,2018,9,2958
F83671,2018,10,2973
F83671,2018,11,2973
F83671,2018,12,2975
F83671,2019,1,2969
F83671,2019,2,2972
F83671,2019,3,2967
F83671,2019,4,2990
F83671,2019,5,3009
F83671,2019,6,3019
F83671,2019,7,3018
F83671,2019,8,3020
F83671,2019,9,3020
F83671,2019,10,3006
F83671,2019,11,3013
F83671,2019,12,3016
F83671,2020,1,3025
F83671,2020,2,3020
F83671,2020,3,3029
F83671,2020,4,3016
F83671,2020,5,3017
F83671,2020,6,3020
F83671,2020,7,3015
F83671,2020,8,3025
F83671,2020,9,3026
F83671,2020,10,3065
F83671,2020,11,3067
F83671,2020,12,3082
F83671,2021,1,3077
F83671,2021,2,3081
F83671,2021,3,3086
F83671,2021,4,3142
F83671,2021,5,3190
F83671,2021,6,3198
F83671,2021,7,3239
F83671,2021,8,3253
F83671,2021,9,3250
F83671,2021,10,3249
F83671,2021,11,3261
F83671,2021,12,3272
F83671,2022,1,3270
F83671,2022,2,3290
F83671,2022,3,3298
F83671,2022,4,3294
F83671,2022,5,3290
F83671,2022,6,3299
F83671,2022,7,3298
F83671,2022,8,3310
F83671,2022,9,3298
F83671,2022,10,3308
F83671,2022,11,3322
F83671,2022,12,3318
F83671,2023,1,3297
F83671,2023,2,3291
F83671,2023,3,3282
F83671,2023,4,3269
F83671,2023,5,3257
F83671,2023,6,3251
F83671,2023,7,3248
F83671,2023,8,3235
F83671,2023,9,3247
F83671,2023,10,3243
F83671,2023,11,3245
F83671,2023,12,3234
F83673,2014,1,4526
F83673,2014,2,4526
F83673,2014,3,4526
F83673,2014,4,4474
F83673,2014,5,4474
F83673,2014,6,4474
F83673,2014,7,4553
F83673,2014,8,4553
F83673,2014,9,4553
F83673,2014,10,4546
F83673,2014,11,4546
F83673,2014,12,4546
F83673,2015,1,4570
F83673,2015,2,4570
F83673,2015,3,4570
F83673,2015,4,4534
F83673,2015,5,4534
F83673,2015,6,4534
F83673,2015,7,4561
F83673,2015,8,4561
F83673,2015,9,4561
F83673,2015,10,4657
F83673,2015,11,4657
F83673,2015,12,4657
F83673,2016,1,4649
F83673,2016,2,4649
F83673,2016,3,4649
F83673,2016,4,4670
F83673,2016,5,4670
F83673,2016,6,4670
F83673,2016,7,4682
F83673,2016,8,4682
F83673,2016,9,4682
F83673,2016,10,4680
F83673,2016,11,4680
F83673,2016,12,4680
F83673,2017,1,4686
F83673,2017,2,4686
F83673,2017,3,4686
F83673,2017,4,4645
F83673,2017,5,4650
F83673,2017,6,4666
F83673,2017,7,4697
F83673,2017,8,4694
F83673,2017,9,4702
F83673,2017,10,4706
F83673,2017,11,4716
F83673,2017,12,4710
F83673,2018,1,4701
F83673,2018,2,4725
F83673,2018,3,4739
F83673,2018,4,4749
F83673,2018,5,4773
F83673,2018,6,4779
F83673,2018,7,4797
F83673,2018,8,4824
F83673,2018,9,4857
F83673,2018,10,4897
F83673,2018,11,4964
F83673,2018,12,5010
F83673,2019,1,5028
F83673,2019,2,5056
F83673,2019,3,5094
F83673,2019,4,5144
F83673,2019,5,5201
F83673,2019,6,5233
F83673,2019,7,5277
F83673,2019,8,5334
F83673,2019,9,5391
F83673,2019,10,5457
F83673,2019,11,5529
F83673,2019,12,5568
F83673,2020,1,5589
F83673,2020,2,5620
F83673,2020,3,5662
F83673,2020,4,5682
F83673,2020,5,5672
F83673,2020,6,5684
F83673,2020,7,5683
F83673,2020,8,5692
F83673,2020,9,5702
F83673,2020,10,5687
F83673,2020,11,5669
F83673,2020,12,5661
F83673,2021,1,5642
F83673,2021,2,5639
F83673,2021,3,5640
F83673,2021,4,5676
F83673,2021,5,5706
F83673,2021,6,5727
F83673,2021,7,5760
F83673,2021,8,5776
F83673,2021,9,5780
F83673,2021,10,5800
F83673,2021,11,5827
F83673,2021,12,5846
F83673,2022,1,5850
F83673,2022,2,5844
F83673,2022,3,5856
F83673,2022,4,5886
F83673,2022,5,5903
F83673,2022,6,5916
F83673,2022,7,5917
F83673,2022,8,5919
F83673,2022,9,5936
F83673,2022,10,5920
F83673,2022,11,5950
F83673,2022,12,5975
F83673,2023,1,5957
F83673,2023,2,5996
F83673,2023,3,6003
F83673,2023,4,6015
F83673,2023,5,6036
F83673,2023,6,6041
F83673,2023,7,6026
F83673,2023,8,5995
F83673,2023,9,5999
F83673,2023,10,5991
F83673,2023,11,5979
F83673,2023,12,5985
F83674,2014,1,2871
F83674,2014,2,2871
F83674,2014,3,2871
F83674,2014,4,2824
F83674,2014,5,2824
F83674,2014,6,2824
F83674,2014,7,2876
F83674,2014,8,2876
F83674,2014,9,2876
F83674,2014,10,2915
F83674,2014,11,2915
F83674,2014,12,2915
F83674,2015,1,2963
F83674,2015,2,2963
F83674,2015,3,2963
F83674,2015,4,2952
F83674,2015,5,2952
F83674,2015,6,2952
F83674,2015,7,2991
F83674,2015,8,2991
F83674,2015,9,2991
F83674,2015,10,3018
F83674,2015,11,3018
F83674,2015,12,3018
F83674,2016,1,3018
F83674,2016,2,3018
F83674,2016,3,3018
F83674,2016,4,3023
F83674,2016,5,3023
F83674,2016,6,3023
F83674,2016,7,3020
F83674,2016,8,3020
F83674,2016,9,3020
F83674,2016,10,3019
F83674,2016,11,3019
F83674,2016,12,3019
F83674,2017,1,3031
F83674,2017,2,3031
F83674,2017,3,3031
F83674,2017,4,5775
F83674,2017,5,5779
F83674,2017,6,5824
F83674,2017,7,5841
F83674,2017,8,5831
F83674,2017,9,5824
F83674,2017,10,5926
F83674,2017,11,5902
F83674,2017,12,5864
F83674,2018,1,5838
F83674,2018,2,5818
F83674,2018,3,5784
F83674,2018,4,5771
F83674,2018,5,5763
F83674,2018,6,5757
F83674,2018,7,5768
F83674,2018,8,5772
F83674,2018,9,5783
F83674,2018,10,5836
F83674,2018,11,9603
F83674,2018,12,9598
F83674,2019,1,9596
F83674,2019,2,9598
F83674,2019,3,9604
F83674,2019,4,9582
F83674,2019,5,9555
F83674,2019,6,9548
F83674,2019,7,9543
F83674,2019,8,9544
F83674,2019,9,9548
F83674,2019,10,9556
F83674,2019,11,9582
F83674,2019,12,9601
F83674,2020,1,9583
F83674,2020,2,9630
F83674,2020,3,9665
F83674,2020,4,9672
F83674,2020,5,9627
F83674,2020,6,9604
F83674,2020,7,9607
F83674,2020,8,9611
F83674,2020,9,9605
F83674,2020,10,9594
F83674,2020,11,9621
F83674,2020,12,9609
F83674,2021,1,9627
F83674,2021,2,9596
F83674,2021,3,9612
F83674,2021,4,9646
F83674,2021,5,9618
F83674,2021,6,9586
F83674,2021,7,9559
F83674,2021,8,9551
F83674,2021,9,9514
F83674,2021,10,9497
F83674,2021,11,9491
F83674,2021,12,9471
F83674,2022,1,9480
F83674,2022,2,9459
F83674,2022,3,9431
F83674,2022,4,9419
F83674,2022,5,9381
F83674,2022,6,9335
F83674,2022,7,9288
F83674,2022,8,9280
F83674,2022,9,9271
F83674,2022,10,9287
F83674,2022,11,9323
F83674,2022,12,9322
F83674,2023,1,9317
F83674,2023,2,9323
F83674,2023,3,9293
F83674,2023,4,9244
F83674,2023,5,9241
F83674,2023,6,9256
F83674,2023,7,9248
F83674,2023,8,9206
F83674,2023,9,9205
F83674,2023,10,9198
F83674,2023,11,9213
F83674,2023,12,9190
F83678,2014,1,2474
F83678,2014,2,2474
F83678,2014,3,2474
F83678,2014,4,2486
F83678,2014,5,2486
F83678,2014,6,2486
F83678,2014,7,2468
F83678,2014,8,2468
F83678,2014,9,2468
F83678,2014,10,2457
F83678,2014,11,2457
F83678,2014,12,2457
F83678,2015,1,2448
F83678,2015,2,2448
F83678,2015,3,2448
F83678,2015,4,2463
F83678,2015,5,2463
F83678,2015,6,2463
F83678,2015,7,2466
F83678,2015,8,2466
F83678,2015,9,2466
F83678,2015,10,2487
F83678,2015,11,2487
F83678,2015,12,2487
F83678,2016,1,2510
F83678,2016,2,2510
F83678,2016,3,2510
F83678,2016,4,2540
F83678,2016,5,2540
F83678,2016,6,2540
F83678,2016,7,2562
F83678,2016,8,2562
F83678,2016,9,2562
F83678,2016,10,2597
F83678,2016,11,2597
F83678,2016,12,2597
F83678,2017,1,2598
F83678,2017,2,2598
F83678,2017,3,2598
F83678,2017,4,2617
F83678,2017,5,2626
F83678,2017,6,2639
F83678,2017,7,2639
F83678,2017,8,2650
F83678,2017,9,2650
F83678,2017,10,2640
F83678,2017,11,2645
F83678,2017,12,2645
F83678,2018,1,2646
F83678,2018,2,2641
F83678,2018,3,2636
F83678,2018,4,2626
F83678,2018,5,2626
F83678,2018,6,2627
F83678,2018,7,2624
F83678,2018,8,2618
F83678,2018,9,2604
F83678,2018,10,2588
F83678,2018,11,2588
F83678,2018,12,2581
F83678,2019,1,2568
F83678,2019,2,2559
F83678,2019,3,2550
F83678,2019,4,2545
F83678,2019,5,2549
F83678,2019,6,2542
F83678,2019,7,2539
F83678,2019,8,2521
F83678,2019,9,2520
F83678,2019,10,2509
F83678,2019,11,2498
F83678,2019,12,2477
F83678,2020,1,2469
F83678,2020,2,2450
F83678,2020,3,2455
F83678,2020,4,2456
F83678,2020,5,2445
F83678,2020,6,2438
F83678,2020,7,2435
F83678,2020,8,2433
F83678,2020,9,2431
F83678,2020,10,2425
F83678,2020,11,2422
F83678,2020,12,2415
F83678,2021,1,2403
F83678,2021,2,2405
F83678,2021,3,2400
F83678,2021,4,2387
F83678,2021,5,2373
F83678,2021,6,2360
F83678,2021,7,2356
F83678,2021,8,2359
F83678,2021,9,2361
F83678,2021,10,2358
F83678,2021,11,2353
F83678,2021,12,2352
F83678,2022,1,2345
F83678,2022,2,2349
F83678,2022,3,2351
F83678,2022,4,2341
F83678,2022,5,2335
F83678,2022,6,2324
F83678,2022,7,2319
F83678,2022,8,2325
F83678,2022,9,2312
F83678,2022,10,2308
F83678,2022,11,2309
F83678,2022,12,2309
F83678,2023,1,2306
F83678,2023,2,2299
F83678,2023,3,2288
F83678,2023,4,2273
F83678,2023,5,2271
F83678,2023,6,2269
F83678,2023,7,2259
F83678,2023,8,2254
F83678,2023,9,2238
F83678,2023,10,2230
F83678,2023,11,2225
F83678,2023,12,2214
F83680,2014,1,3548
F83680,2014,2,3548
F83680,2014,3,3548
F83680,2014,4,3568
F83680,2014,5,3568
F83680,2014,6,3568
F83680,2014,7,3610
F83680,2014,8,3610
F83680,2014,9,3610
F83680,2014,10,3665
F83680,2014,11,3665
F83680,2014,12,3665
F83680,2015,1,3738
F83680,2015,2,3738
F83680,2015,3,3738
F83680,2015,4,3663
F83680,2015,5,3663
F83680,2015,6,3663
F83680,2015,7,3721
F83680,2015,8,3721
F83680,2015,9,3721
F83680,2015,10,3750
F83680,2015,11,3750
F83680,2015,12,3750
F83680,2016,1,3765
F83680,2016,2,3765
F83680,2016,3,3765
F83680,2016,4,3639
F83680,2016,5,3639
F83680,2016,6,3639
F83680,2016,7,3639
F83680,2016,8,3639
F83680,2016,9,3639
F83680,2016,10,3681
F83680,2016,11,3681
F83680,2016,12,3681
F83680,2017,1,3726
F83680,2017,2,3726
F83680,2017,3,3726
F83680,2017,4,3787
F83680,2017,5,3813
F83680,2017,6,3825
F83680,2017,7,3824
F83680,2017,8,3836
F83680,2017,9,3837
F83680,2017,10,3846
F83680,2017,11,3874
F83680,2017,12,3910
F83680,2018,1,3908
F83680,2018,2,3907
F83680,2018,3,3909
F83680,2018,4,3917
F83680,2018,5,3932
F83680,2018,6,3939
F83680,2018,7,3959
F83680,2018,8,3974
F83680,2018,9,3972
F83680,2018,10,4018
F83680,2018,11,4055
F83680,2018,12,4078
F83680,2019,1,4100
F83680,2019,2,4136
F83680,2019,3,4153
F83680,2019,4,4196
F83680,2019,5,4207
F83680,2019,6,4207
F83680,2019,7,4223
F83680,2019,8,4226
F83680,2019,9,4208
F83680,2019,10,4213
F83680,2019,11,4243
F83680,2019,12,4263
F83680,2020,1,4264
F83680,2020,2,4273
F83680,2020,3,4305
F83680,2020,4,4314
F83680,2020,5,4316
F83680,2020,6,4326
F83680,2020,7,4326
F83680,2020,8,4318
F83680,2020,9,4316
F83680,2020,10,4315
F83680,2020,11,4314
F83680,2020,12,4299
F83680,2021,1,4282
F83680,2021,2,4270
F83680,2021,3,4280
F83680,2021,4,4270
F83680,2021,5,4256
F83680,2021,6,4273
F83680,2021,7,4293
F83680,2021,8,4258
F83680,2021,9,4245
F83680,2021,10,4256
F83680,2021,11,4256
F83680,2021,12,4256
F83680,2022,1,4251
F83680,2022,2,4252
F83680,2022,3,4231
F83680,2022,4,4239
F83680,2022,5,4181
F83680,2022,6,4158
F83680,2022,7,4144
F83680,2022,8,4132
F83680,2022,9,4120
F83680,2022,10,4122
F83680,2022,11,4122
F83680,2022,12,4130
F83680,2023,1,4135
F83680,2023,2,4136
F83680,2023,3,4148
F83680,2023,4,4151
F83680,2023,5,4139
F83680,2023,6,4155
F83680,2023,7,4168
F83680,2023,8,4194
F83680,2023,9,4235
F83680,2023,10,4324
F83680,2023,11,4460
F83680,2023,12,4536
F83681,2014,1,3078
F83681,2014,2,3078
F83681,2014,3,3078
F83681,2014,4,3032
F83681,2014,5,3032
F83681,2014,6,3032
F83681,2014,7,3042
F83681,2014,8,3042
F83681,2014,9,3042
F83681,2014,10,3028
F83681,2014,11,3028
F83681,2014,12,3028
F83681,2015,1,3027
F83681,2015,2,3027
F83681,2015,3,3027
F83681,2015,4,2911
F83681,2015,5,2911
F83681,2015,6,2911
F83681,2015,7,2930
F83681,2015,8,2930
F83681,2015,9,2930
F83681,2015,10,3002
F83681,2015,11,3002
F83681,2015,12,3002
F83681,2016,1,2958
F83681,2016,2,2958
F83681,2016,3,2958
F83681,2016,4,2973
F83681,2016,5,2973
F83681,2016,6,2973
F83681,2016,7,2995
F83681,2016,8,2995
F83681,2016,9,2995
F83681,2016,10,3048
F83681,2016,11,3048
F83681,2016,12,3048
F83681,2017,1,3090
F83681,2017,2,3090
F83681,2017,3,3090
F83681,2017,4,3158
F83681,2017,5,3167
F83681,2017,6,3176
F83681,2017,7,3179
F83681,2017,8,3190
F83681,2017,9,3207
F83681,2017,10,3215
F83681,2017,11,3216
F83681,2017,12,3226
F83681,2018,1,3235
F83681,2018,2,3244
F83681,2018,3,3265
F83681,2018,4,3283
F83681,2018,5,3298
F83681,2018,6,3319
F83681,2018,7,3350
F83681,2018,8,3358
F83681,2018,9,3380
F83681,2018,10,3420
F83681,2018,11,3449
F83681,2018,12,3490
F83681,2019,1,3499
F83681,2019,2,3523
F83681,2019,3,3555
F83681,2019,4,3588
F83681,2019,5,3613
F83681,2019,6,3760
F83681,2019,7,3800
F83681,2019,8,3827
F83681,2019,9,3849
F83681,2019,10,3888
F83681,2019,11,3933
F83681,2019,12,3961
F83681,2020,1,3975
F83681,2020,2,3992
F83681,2020,3,4022
F83681,2020,4,4029
F83681,2020,5,4050
F83681,2020,6,4036
F83681,2020,7,4029
F83681,2020,8,4009
F83681,2020,9,4010
F83681,2020,10,4004
F83681,2020,11,4016
F83681,2020,12,4026
F83681,2021,1,4047
F83681,2021,2,4022
F83681,2021,3,4011
F83681,2021,4,3978
F83681,2021,5,3961
F83681,2021,6,3974
F83681,2021,7,3971
F83681,2021,8,3959
F83681,2021,9,3965
F83681,2021,10,3985
F83681,2021,11,4006
F83681,2021,12,4036
F83681,2022,1,4044
F83681,2022,2,4111
F83681,2022,3,9207
F83681,2022,4,9216
F83681,2022,5,9207
F83681,2022,6,9178
F83681,2022,7,9135
F83681,2022,8,9107
F83681,2022,9,9065
F83681,2022,10,9021
F83681,2022,11,9001
F83681,2022,12,8969
F83681,2023,1,8959
F83681,2023,2,8971
F83681,2023,3,8970
F83681,2023,4,8903
F83681,2023,5,8922
F83681,2023,6,8922
F83681,2023,7,8918
F83681,2023,8,8956
F83681,2023,9,8941
F83681,2023,10,8971
F83681,2023,11,9015
F83681,2023,12,9005
F83686,2014,1,5472
F83686,2014,2,5472
F83686,2014,3,5472
F83686,2014,4,5505
F83686,2014,5,5505
F83686,2014,6,5505
F83686,2014,7,5591
F83686,2014,8,5591
F83686,2014,9,5591
F83686,2014,10,5676
F83686,2014,11,5676
F83686,2014,12,5676
F83686,2015,1,5809
F83686,2015,2,5809
F83686,2015,3,5809
F83686,2015,4,5881
F83686,2015,5,5881
F83686,2015,6,5881
F83686,2015,7,5920
F83686,2015,8,5920
F83686,2015,9,5920
F83686,2015,10,5957
F83686,2015,11,5957
F83686,2015,12,5957
F83686,2016,1,6051
F83686,2016,2,6051
F83686,2016,3,6051
F83686,2016,4,6061
F83686,2016,5,6061
F83686,2016,6,6061
F83686,2016,7,6217
F83686,2016,8,6217
F83686,2016,9,6217
F83686,2016,10,6210
F83686,2016,11,6210
F83686,2016,12,6210
F83686,2017,1,6232
F83686,2017,2,6232
F83686,2017,3,6232
F83686,2017,4,6115
F83686,2017,5,6087
F83686,2017,6,6077
F83686,2017,7,6030
F83686,2017,8,6016
F83686,2017,9,6057
F83686,2017,10,6105
F83686,2017,11,6159
F83686,2017,12,6206
F83686,2018,1,6207
F83686,2018,2,6226
F83686,2018,3,6258
F83686,2018,4,6298
F83686,2018,5,6339
F83686,2018,6,6371
F83686,2018,7,6426
F83686,2018,8,6432
F83686,2018,9,6445
F83686,2018,10,6535
F83686,2018,11,6577
F83686,2018,12,6611
F83686,2019,1,6631
F83686,2019,2,6672
F83686,2019,3,6723
F83686,2019,4,6746
F83686,2019,5,6758
F83686,2019,6,6772
F83686,2019,7,6773
F83686,2019,8,6781
F83686,2019,9,6791
F83686,2019,10,6801
F83686,2019,11,6821
F83686,2019,12,6838
F83686,2020,1,6848
F83686,2020,2,6904
F83686,2020,3,6886
F83686,2020,4,6858
F83686,2020,5,6828
F83686,2020,6,6814
F83686,2020,7,6822
F83686,2020,8,6830
F83686,2020,9,6844
F83686,2020,10,6769
F83686,2020,11,6760
F83686,2020,12,6738
F83686,2021,1,6681
F83686,2021,2,6609
F83686,2021,3,6588
F83686,2021,4,6552
F83686,2021,5,6530
F83686,2021,6,6507
F83686,2021,7,6517
F83686,2021,8,6503
F83686,2021,9,6497
F83686,2021,10,6517
F83686,2021,11,6534
F83686,2021,12,6536
F83686,2022,1,6557
F83686,2022,2,6574
F83686,2022,3,6594
F83686,2022,4,6583
F83686,2022,5,6585
F83686,2022,6,6598
F83686,2022,7,6631
F83686,2022,8,6642
F83686,2022,9,6632
F83686,2022,10,6647
F83686,2022,11,6664
F83686,2022,12,6691
F83686,2023,1,6697
F83686,2023,2,6714
F83686,2023,3,6744
F83686,2023,4,6789
F83686,2023,5,6810
F83686,2023,6,6841
F83686,2023,7,6900
F83686,2023,8,7002
F83686,2023,9,7120
F83686,2023,10,7286
F83686,2023,11,7463
F83686,2023,12,7624
Y01066,2014,1,5719
Y01066,2014,2,5719
Y01066,2014,3,5719
Y01066,2014,4,5719
Y01066,2014,5,5719
Y01066,2014,6,5719
Y01066,2014,7,5751
Y01066,2014,8,5751
Y01066,2014,9,5751
Y01066,2014,10,5654
Y01066,2014,11,5654
Y01066,2014,12,5654
Y01066,2015,1,5634
Y01066,2015,2,5634
Y01066,2015,3,5634
Y01066,2015,4,5713
Y01066,2015,5,5713
Y01066,2015,6,5713
Y01066,2015,7,5797
Y01066,2015,8,5797
Y01066,2015,9,5797
Y01066,2015,10,5813
Y01066,2015,11,5813
Y01066,2015,12,5813
Y01066,2016,1,5886
Y01066,2016,2,5886
Y01066,2016,3,5886
Y01066,2016,4,5908
Y01066,2016,5,5908
Y01066,2016,6,5908
Y01066,2016,7,5848
Y01066,2016,8,5848
Y01066,2016,9,5848
Y01066,2016,10,5913
Y01066,2016,11,5913
Y01066,2016,12,5913
Y01066,2017,1,6007
Y01066,2017,2,6007
Y01066,2017,3,6007
Y01066,2017,4,6090
Y01066,2017,5,6126
Y01066,2017,6,6179
Y01066,2017,7,6231
Y01066,2017,8,6276
Y01066,2017,9,6299
Y01066,2017,10,6325
Y01066,2017,11,6391
Y01066,2017,12,6415
Y01066,2018,1,6445
Y01066,2018,2,6490
Y01066,2018,3,6536
Y01066,2018,4,6551
Y01066,2018,5,6547
Y01066,2018,6,6592
Y01066,2018,7,6667
Y01066,2018,8,6706
Y01066,2018,9,6760
Y01066,2018,10,6854
Y01066,2018,11,6927
Y01066,2018,12,7000
Y01066,2019,1,7033
Y01066,2019,2,7137
Y01066,2019,3,7251
Y01066,2019,4,7420
Y01066,2019,5,7545
Y01066,2019,6,7687
Y01066,2019,7,7798
Y01066,2019,8,7916
Y01066,2019,9,8044
Y01066,2019,10,8198
Y01066,2019,11,8316
Y01066,2019,12,8377
Y01066,2020,1,8382
Y01066,2020,2,8543
Y01066,2020,3,8672
Y01066,2020,4,8789
Y01066,2020,5,8816
Y01066,2020,6,8860
Y01066,2020,7,8907
Y01066,2020,8,8962
Y01066,2020,9,9037
Y01066,2020,10,8816
Y01066,2020,11,8933
Y01066,2020,12,9310
Y01066,2021,1,9452
Y01066,2021,2,9623
Y01066,2021,3,9857
Y01066,2021,4,10070
Y01066,2021,5,10290
Y01066,2021,6,10495
Y01066,2021,7,10711
Y01066,2021,8,10811
Y01066,2021,9,10940
Y01066,2021,10,11043
Y01066,2021,11,11171
Y01066,2021,12,11238
Y01066,2022,1,11295
Y01066,2022,2,11318
Y01066,2022,3,11375
Y01066,2022,4,11408
Y01066,2022,5,11436
Y01066,2022,6,11419
Y01066,2022,7,11421
Y01066,2022,8,11409
Y01066,2022,9,11431
Y01066,2022,10,11424
Y01066,2022,11,11461
Y01066,2022,12,11493
Y01066,2023,1,11455
Y01066,2023,2,11397
Y01066,2023,3,11326
Y01066,2023,4,11271
Y01066,2023,5,11228
Y01066,2023,6,11149
Y01066,2023,7,10690
Y01066,2023,8,10604
Y01066,2023,9,10521
Y01066,2023,10,10443
Y01066,2023,11,10351
Y01066,2023,12,10283